Id,Name,Email,Phone,Company
1,Tabitha Ullrich,Titus.Prohaska@hotmail.com,466-235-4433 x75441,Kiehn - Wintheiser
2,Elizabeth Price,Violet.Berge18@gmail.com,277.332.6208 x6755,Morissette - Schmitt
3,Eunice Yundt,Janie10@gmail.com,(359) 273-4486 x4710,Carroll Group
4,Jeanette Rice,Esther.Steuber@hotmail.com,402.876.6727 x05725,Schmitt - McClure
5,Eda Schaden,Thad.Carroll-DAmore21@yahoo.com,869.846.8002,"Paucek, Hayes and Altenwerth"
6,Ms. Margarita Gutmann,Stone_Murphy@yahoo.com,812-220-5024,Kuvalis Group
7,Amelia Kreiger,Jonathan_Davis@gmail.com,629-716-6527 x708,Muller - Dickinson
8,Abdullah Hermann,Grace.Hickle@hotmail.com,(552) 424-9625 x012,"Steuber, Bradtke and Ondricka"
9,Damian Rogahn Jr.,Gladyce.Franecki2@hotmail.com,961-440-1209,"Leffler, Stroman and Littel"
10,Terrell Botsford,Alexandria_OHara-Kulas24@hotmail.com,1-968-939-6317,Hauck Inc
11,Shanelle Braun,Ethel.Reichert@yahoo.com,317.517.2536,Hammes - Terry
12,Jakayla Baumbach,Lonny_Oberbrunner@yahoo.com,870.216.9971,"Shields, Hartmann and Nader"
13,Arturo Murazik,Fritz17@hotmail.com,(288) 883-7311 x514,Sauer LLC
14,Mitchell Monahan,Israel59@gmail.com,516-292-0395,Hilll - Streich
15,Daisha Monahan,Nichole.Wintheiser6@hotmail.com,501-745-1930 x35114,Hansen - Goldner
16,Christophe Farrell,Karl_Wisoky-Schamberger62@yahoo.com,1-816-521-0975 x0189,"Funk, Hagenes and Boehm"
17,Donald Hamill V,Amanda.Schuster82@gmail.com,(759) 539-8304 x196,Kuhlman - Mertz
18,Horacio Fritsch,Heidi.McCullough@gmail.com,(866) 579-4977,"Lind, Fadel and Dibbert"
19,Bessie Barrows,Marty_Zboncak@gmail.com,(255) 718-2071 x3821,"Bradtke, Kerluke and Kemmer"
20,Leslie Smitham,Lilyan.Monahan@hotmail.com,862.811.4759 x3414,Monahan LLC