Id,First Name,Last Name,Email,Phone,City,Country,Company,Job Title
1,elementary,feline,colour,inwardly,apropos,anti,verbally,while
2,ew,geez,fooey,unlike,a,that,until,consequently
3,madly,ring,order,frantically,somber,lashes,when,if
4,damp,floss,drat,aboard,pace,incidentally,demob,into
5,what,cow,brace,commandeer,uncommon,buzzing,intently,elver
6,window,pinstripe,outside,gee,stuff,kit,coarse,who
7,than,selfishly,dependency,willfully,ugh,consequently,er,because
8,sandbar,zealous,likewise,ick,adolescent,wherever,for,fondly
9,monthly,including,so,unnecessarily,inexperienced,illusion,where,eek
10,uh-huh,bony,testify,icy,psst,consequently,valiantly,buzzing
11,seldom,piglet,agile,tragic,powerfully,concerning,partridge,inasmuch
12,beep,before,huge,repurpose,promptly,slow,runway,lonely
13,intellect,forenenst,oh,joshingly,team,gray,unlined,unimpressively
14,haze,instead,pfft,toward,highly,faithfully,far,ha
15,wobbly,anti,meanwhile,kissingly,whenever,whoa,unless,while
16,indeed,excepting,conservative,house,yahoo,tut,purse,cardboard
17,appropriate,tackle,horn,whoa,an,amid,suddenly,even
18,pfft,pillow,as,horde,qua,lumbering,diversity,incidentally
19,dispose,flawed,ridge,minority,roundabout,mathematics,except,whose
20,microchip,about,affectionate,eek,mysteriously,wilt,redact,personal
21,repeat,rudely,knowledgeably,alongside,huge,ha,dark,boohoo
22,misfire,likewise,provided,thump,even,following,bidet,maul
23,runny,sans,within,if,nearly,wilted,warped,whenever
24,shameless,enthusiastically,furthermore,overburden,whose,ascertain,fussy,eek
25,gosh,blah,hassle,inasmuch,ha,yet,able,as
26,buttery,hold,pleasure,barring,of,drat,or,ha
27,transcend,tomorrow,publicize,drat,beard,petal,mallard,gracefully
28,eyebrow,eek,fantastic,heavily,unused,gracious,trained,peaceful
29,unnecessarily,unless,behind,for,lumbering,mechanically,yahoo,before
30,however,rag,um,rebuff,cruel,vice,joyfully,drive
31,retool,endow,scent,possession,loftily,bathhouse,decode,as
32,than,dally,grown,weep,hmph,mothball,along,or
33,which,and,peninsula,gah,amongst,nor,geez,certify
34,qua,rapidly,imagineer,descendant,or,to,conceptualize,bonfire
35,following,steep,coolly,wetly,marksman,underneath,oh,during
36,lost,wherever,silently,hygienic,list,as,longboat,structure
37,compassionate,healthily,vibration,fooey,over,till,where,recede
38,hence,final,serpentine,rubric,enormously,ugh,compromise,writ
39,ew,incidentally,testify,amidst,lined,curiously,next,gosh
40,house,accidentally,via,psst,but,honesty,that,gadzooks
41,how,woot,same,troubled,task,cheerfully,splendid,almost
42,toward,pfft,finished,converse,which,instructor,with,by
43,bah,gadzooks,sting,fully,than,after,underneath,meanwhile
44,pace,whereas,liberalize,duh,outlandish,attribute,so,versus
45,consistency,sedately,helpfully,ha,earth,biodegrade,cleverly,devil
46,weep,huzzah,toothpick,educated,coop,from,battle,hunger
47,ack,rim,extremely,slight,tedious,yahoo,oh,hourly
48,freckle,including,ouch,sentimental,likely,oof,like,hmph
49,gosh,ack,questioningly,meanwhile,woot,or,mockingly,yippee
50,immediately,alert,prestigious,unnaturally,for,athwart,clearly,now
51,requite,phew,ah,throughout,a,accessorise,disappointment,unfortunately
52,astride,briefly,ha,sustenance,rectangular,between,indeed,haircut
53,between,before,decide,retrospectivity,between,that,vivid,construe
54,nor,phew,apropos,upon,fluffy,notwithstanding,insolence,turbulent
55,positively,famously,of,colorful,beside,travel,above,ouch
56,jovially,cinder,behind,throbbing,toward,crafty,dramatic,mmm
57,blah,mid,entice,incidentally,yippee,cannibalise,whoever,inasmuch
58,vacantly,last,since,unless,while,dishearten,going,nor
59,word,madly,stratify,mmm,quinoa,controvert,gadzooks,dandelion
60,zowie,portly,than,sandbar,though,against,blaspheme,save
61,up,unused,true,normal,outset,consequently,yippee,vivid
62,tenant,triangular,which,eek,unnecessarily,intently,deny,oh
63,triumphantly,bicycle,aha,joy,masculinize,fuel,godparent,scarily
64,that,flu,where,huzzah,unlearn,average,minus,whoa
65,naturally,ugh,than,for,reclassify,oh,strategy,ape
66,hence,onto,with,officially,whoa,masterpiece,nab,times
67,specific,wisecrack,anenst,rebel,likewise,from,duh,ick
68,ew,ingratiate,confute,woot,snack,aha,across,that
69,overheard,hover,helplessly,furthermore,including,kookily,wrongly,yippee
70,aside,upward,er,someplace,consequently,supposing,heroine,hose
71,reservation,about,damaged,cleverly,perfectly,valiantly,as,conceptualize
72,information,officially,aha,pace,out,abaft,reflecting,shinny
73,analyse,orient,jovially,fax,crossly,fill,unlike,technician
74,tectonics,because,upon,whenever,yet,naturally,strictly,doubtfully
75,mosh,blah,lonely,zowie,accurate,openly,institute,for
76,mystify,ridge,implode,of,atop,draw,responsibility,meh
77,braid,lumpy,second-hand,uh-huh,abaft,quicker,denitrify,indeed
78,via,subexpression,lighthearted,broadly,notwithstanding,duh,yahoo,recommendation
79,although,untried,yowza,off,mask,omelet,economise,since
80,aboard,selfishly,forenenst,quaver,mortally,crooked,round,lucky
81,because,subsidy,midst,huzzah,everlasting,sweet,unto,if
82,boohoo,impassioned,silently,behind,handy,supplier,heavily,quaver
83,unnaturally,ape,fleck,celebrate,into,compassionate,enchanted,metabolise
84,loudly,now,longboat,ah,technologist,appertain,solvency,anguished
85,plus,illusion,braid,convince,unusual,menacing,yum,inasmuch
86,elegantly,primary,certainly,chilly,reassuringly,coarse,yowza,atop
87,around,around,aw,eek,minister,ew,jump,boo
88,commandeer,gadzooks,arid,boring,but,as,aw,atrium
89,proliferate,denitrify,wilt,pfft,failing,strident,excluding,off
90,swerve,abaft,sock,knife,boo,apropos,patiently,above
91,even,gently,hm,cutover,better,silent,yippee,that
92,suspiciously,legend,captain,creaking,eek,government,tensely,ouch
93,bench,doubtfully,velocity,uncommon,notwithstanding,because,which,mortise
94,while,aged,without,indeed,yearn,swiftly,know,greedily
95,annually,handy,border,eek,though,waltz,perky,whoever
96,meanwhile,intently,quirkily,arrogantly,uncommon,solace,however,sometimes
97,outside,arrogantly,drat,wherever,once,markup,clearly,amid
98,alert,regarding,freely,gladly,yet,ick,qualified,categorise
99,in,ah,endow,yowza,that,reopen,reopen,slime
100,ouch,finally,between,phooey,however,than,emotional,woefully
101,if,athwart,brood,boyfriend,till,soulful,productive,kindly
102,poetry,ouch,apropos,uh-huh,veto,requirement,brr,phooey
103,whose,to,soup,failing,how,qua,between,since
104,abnormally,break,closely,brr,whenever,or,gastropod,valiantly
105,out,hoick,CD,within,for,blindly,goose,log
106,sermon,angelic,wear,reluctantly,hunt,anenst,tomorrow,excepting
107,flat,inside,enchanting,across,deer,daily,mould,solution
108,whenever,flu,unto,incidentally,ouch,sleepily,wedge,huff
109,male,pike,brr,boohoo,fervently,criminal,gloat,who
110,deliberately,ha,ew,huzzah,yum,where,aha,gladly
111,voluntarily,hunger,abaft,unique,tapioca,foot,as,substantiate
112,bah,after,over,an,digit,oh,failing,mystify
113,outrun,the,squeaky,metal,that,carefully,mooch,happy
114,clear-cut,dividend,brr,during,because,vet,after,dead
115,mmm,ill,yowza,as,though,ick,meanwhile,grandiose
116,distinct,not,swine,starboard,iterate,overload,especially,bracelet
117,lay,flint,rosin,mid,ultimately,incidentally,for,digit
118,bony,typify,er,joyous,aha,as,gently,costume
119,helpfully,polyester,ugh,times,whoever,depot,ramp,bus
120,warmly,median,rubbery,sudden,now,affect,camouflage,part
121,yum,unit,switchboard,disclosure,er,glisten,coal,yuck
122,physically,indeed,yuck,between,train,near,turbulent,what
123,athwart,dream,complication,indeed,huzzah,which,likewise,well
124,live,hole,ah,boohoo,promise,modulo,freight,continually
125,beyond,failing,lest,aged,tabletop,almost,fog,depend
126,since,serve,mallard,even,atop,yuck,pomelo,snarling
127,zowie,brilliant,enchanted,accompany,off,politely,ha,opposite
128,toward,likewise,minister,slipper,lounge,sad,meh,soon
129,less,fond,finally,total,including,airbrush,impolite,usher
130,strange,following,excitable,yesterday,onset,lid,midst,given
131,phew,although,tremendously,verbally,next,around,below,encode
132,as,offensively,naturally,alert,siege,naughty,incidentally,executor
133,matter,antelope,crackle,ack,nicely,that,cassava,metallic
134,equal,nor,hornet,sharply,woot,traffic,briefly,dredger
135,about,blah,near,boggle,circa,yum,follower,impure
136,muted,minus,satisfy,govern,burdensome,failing,nervous,sleepily
137,follower,unnaturally,someplace,unto,bran,for,independence,coordination
138,minister,embossing,finally,shaft,sans,blight,over,ripe
139,querulous,whereas,complicated,playfully,yum,hunger,sweet,wherever
140,disinherit,maul,pfft,than,untidy,unto,ha,vice
141,faraway,absent,mediocre,suddenly,anguished,hence,unaware,duh
142,across,import,yowza,where,digital,defiantly,lanky,shovel
143,nor,regular,consequently,towards,whoa,openly,blushing,deliberately
144,lest,till,depot,baseboard,acceptable,crossly,athwart,yippee
145,impanel,beyond,although,into,immediately,quinoa,quietly,deployment
146,syringe,very,allocation,about,hypothesise,duh,easily,before
147,uh-huh,pfft,ascertain,ice-cream,as,discourse,ah,misfire
148,mealy,urgently,especially,insolence,blank,ouch,reassuringly,furthermore
149,oh,concerning,yet,rosin,experienced,uh-huh,oh,reword
150,idle,solder,um,unaccountably,oh,rationalize,boohoo,feminize
151,considering,abnormally,solidly,modulo,prioritize,tentacle,excitedly,brr
152,eventually,hmph,wedding,wisecrack,christen,entry,frenetically,substitution
153,zowie,given,beside,squirm,lovingly,whoever,collectivization,store
154,over,anguished,sesame,during,altruistic,scared,resource,now
155,for,afore,hm,showboat,overload,tentacle,by,equally
156,in,unit,qualified,willfully,precious,overreact,jacket,pantyhose
157,boohoo,sneaky,captain,gee,bell,meh,knowledgeably,perfectly
158,fail,basic,consequently,populist,but,caring,unsung,incline
159,meander,unit,supposing,smoothly,possible,atop,truthfully,quick-witted
160,orchid,under,rosemary,afore,habit,boo,hmph,weep
161,when,lest,that,gee,shiny,disapprove,splosh,husky
162,smuggle,finally,commodity,pfft,if,jovially,supposing,medium
163,since,opposite,excepting,filthy,bonfire,to,scarcely,arraign
164,alive,fathom,duh,um,yieldingly,forenenst,grandson,ew
165,synthesise,viciously,for,merge,uh-huh,idle,tarragon,similar
166,down,aha,across,shakily,pastel,blah,petal,hm
167,unto,afore,incidentally,other,failing,geez,pretty,if
168,shady,the,polarisation,lest,decongestant,pale,signature,majestically
169,big,utilized,helpfully,forgery,reassemble,mystify,toothbrush,enrich
170,consequently,yum,pro,partially,dirty,after,sedately,granular
171,delicious,jam-packed,exhausted,utterly,rubbery,blissfully,wherever,extent
172,pfft,when,sick,who,kindly,adult,against,boo
173,planula,merit,whereas,mysteriously,minion,even,extension,kookily
174,clinch,motionless,lighthearted,ouch,instead,psst,provided,apropos
175,anenst,yawningly,till,cleverly,anguished,dandelion,yuck,opposite
176,less,in,till,lazy,regarding,sideboard,ha,than
177,penalise,and,while,midst,miserable,hm,boohoo,rebuff
178,drat,yippee,boo,once,eulogise,squeaky,whoa,toward
179,adventurously,hence,vibration,opera,junior,mockingly,round,despite
180,aside,carefree,on,analyse,except,asset,yum,usefully
181,seriously,accidentally,commercial,ethyl,elevation,vaguely,nasalise,intently
182,orchestrate,amongst,consequently,never,among,while,reconstitute,jam-packed
183,oof,sizzling,aw,huzzah,over,strictly,paralyse,despite
184,sticker,sashay,signature,unlike,eek,terribly,stale,except
185,solvency,whoever,sociable,wildly,yum,near,substitution,overload
186,collectivization,pish,bouncy,excepting,yuck,slake,up,excepting
187,hourly,gymnast,superficial,premeditation,oof,apropos,geez,less
188,till,yippee,rundown,brr,dead,quarrelsome,valiantly,upbeat
189,rapidly,blowgun,mantua,critical,phooey,quaintly,pants,scuffle
190,painfully,gulp,midst,sauerkraut,till,incidentally,those,worth
191,approximate,endow,able,poorly,until,oof,above,oxygenate
192,wisely,hundred,hungrily,interviewer,premise,miserably,astride,instead
193,offensively,beyond,jittery,quadruple,colorful,tag,best,rewarding
194,around,absent,sometimes,beneath,in-joke,excepting,midst,mobility
195,spark,excepting,er,about,yum,nicely,like,advanced
196,ironclad,via,next,nougat,down,uselessly,anti,eek
197,opposite,aboard,drat,wordy,engender,mockingly,waft,lost
198,print,nor,coaxingly,yowza,gadzooks,pip,quiet,posh
199,generously,softly,provided,er,bashfully,wretched,mockingly,essay
200,yahoo,devastation,modulo,consequently,tusk,busily,inquisitively,lend
201,versus,near,whoever,masterpiece,youthfully,gloat,failing,surprise
202,incinerate,adventurously,lively,obnoxiously,tabulate,ack,where,wherever
203,neglected,haunting,yippee,labourer,pro,punctual,opposite,avalanche
204,whereas,pfft,wry,plus,woot,boo,phooey,unaware
205,yowza,ragged,phew,gleefully,meh,beside,vision,jaunty
206,nephew,whereas,thump,upset,when,safely,till,rim
207,oil,guilty,finally,cosset,huzzah,gosh,wilt,hefty
208,newsletter,apud,yahoo,including,woot,plain,stealthily,triumphantly
209,pfft,what,hollow,mixture,fairly,dependency,micromanage,gadzooks
210,waft,carefully,potentially,doubtfully,under,term,gah,blah
211,wash,moralise,characterization,pretty,furthermore,amongst,vulgarise,advertisement
212,hourly,thoughtfully,perspire,dense,begonia,aching,yuck,broadside
213,papa,somber,rich,maroon,whispered,until,terribly,unselfish
214,wire,seemingly,after,oh,truthfully,vivaciously,custody,descent
215,phew,woot,readjust,sternly,famously,geez,mmm,conservation
216,ouch,prestigious,qua,frightfully,next,before,hopelessly,militate
217,dwell,instead,why,before,dereference,next,dramatic,deceivingly
218,mozzarella,yawningly,optimistically,since,gadzooks,ouch,ew,t-shirt
219,what,out,opera,prance,gradient,abandoned,parched,solicit
220,molasses,crushing,stealthily,eek,indeed,physically,arrogantly,since
221,deserted,lashes,fall,with,worriedly,pronoun,prioritize,boo
222,unlike,unless,for,an,absent,smoothly,alongside,per
223,editor,polyester,uh-huh,angelic,straight,however,synthesise,outside
224,hourly,father,yippee,gastropod,mousse,knit,beneath,prime
225,braid,wise,scaffold,beside,lazily,charming,yum,instructive
226,spirit,once,er,excluding,wonderful,quaintly,uh-huh,onto
227,eek,politely,wetly,concerning,geez,afore,foot,phooey
228,yahoo,legging,shaft,which,yuck,near,underneath,yum
229,prejudge,yet,gymnast,slipper,that,yum,igloo,finally
230,nor,gadzooks,even,habit,sheathe,near,redesign,popularize
231,via,before,impact,cycle,hurtful,nor,guilty,after
232,transom,warmly,cop,kookily,under,vivaciously,joy,soon
233,exonerate,healthily,redound,paralyse,recovery,oh,reporter,through
234,woefully,toward,to,convince,less,indeed,lest,unto
235,willow,overload,oh,screw,which,upliftingly,hard-to-find,exactly
236,than,corporation,outfit,youthfully,whose,shore,before,hourly
237,lamp,highly,foolish,duh,ouch,though,aboard,phew
238,kowtow,yet,drat,dandelion,however,yum,carefully,consequently
239,reward,whereas,until,remark,ready,next,upward,aside
240,pfft,only,biodegradable,hmph,meanwhile,while,sans,nervously
241,after,ugh,duh,shoulder,mid,snuggle,ha,powerless
242,of,coarse,surge,quaintly,but,refute,uh-huh,lighthearted
243,gruesome,yum,popularity,via,midst,near,apud,trust
244,equally,oof,following,provided,babushka,till,ouch,concerning
245,powerful,amused,that,with,loosely,small,scorn,endow
246,um,in,boo,forearm,huzzah,sore,orderly,now
247,above,improbable,lay,arbitrate,intent,recklessly,than,a
248,black,freight,wherever,knowledgeably,so,given,hypothesize,daddy
249,ew,whoever,worthy,tight,stiff,lustrous,both,allegation
250,sense,sternly,rightfully,immense,deflect,yum,brr,celsius
251,excluding,towards,velocity,guilty,heavily,tiny,vice,switchboard
252,state,blah,braid,before,meh,than,yieldingly,creak
253,but,tank,considering,legging,governance,typewriter,well-worn,blah
254,willfully,skeletal,longboat,briefly,gradient,sans,gosh,fluff
255,contrail,idle,gosh,brr,past,reasonable,apud,downright
256,bulky,even,boo,hunt,puzzled,innovation,separately,frankly
257,firsthand,wetly,when,mummify,wealthy,loosely,oh,since
258,messy,legislature,narrow,how,boring,book,unfortunately,smuggle
259,tomatillo,orientate,atop,linseed,than,regarding,athwart,excepting
260,emulsify,joyful,going,twine,furiously,vaguely,huzzah,whether
261,swathe,warped,inveigle,eek,brightly,duh,instead,bank
262,questioningly,following,vaguely,out,thankfully,vista,for,qualified
263,greedily,above,moralise,frightfully,furthermore,worriedly,uh-huh,yuck
264,expostulate,represent,cruelly,reprimand,merrily,but,mid,always
265,and,pfft,lest,positively,louse,that,woot,snack
266,the,deny,times,shudder,who,from,seal,seldom
267,deck,personal,pinion,lest,whole,zowie,resource,pick
268,graft,mid,hence,ugh,saw,freckle,retool,favorable
269,busily,knavishly,astride,if,for,skean,till,inspect
270,sternly,scale,huzzah,ill-fated,incidentally,briskly,roughly,oof
271,tame,courageously,yahoo,hastily,whereas,who,accomplished,onto
272,whereas,last,well,about,ouch,translation,uh-huh,bus
273,seriously,pantyhose,what,oh,duh,continually,yum,encode
274,barracks,who,gah,silky,damaged,enraged,yum,tune-up
275,pike,likewise,hold,yowza,woot,atop,bashfully,that
276,inasmuch,since,yearn,gee,wetly,yippee,litter,primary
277,astride,accidentally,phew,kindly,far,zowie,sunbathe,metabolite
278,beneath,but,sit,bah,clueless,or,surprise,papa
279,airmail,whether,digit,duh,handy,but,usefully,elliptical
280,bracelet,who,mediocre,ack,wealthy,publication,even,yuck
281,honestly,although,rarely,the,timely,calmly,though,meanwhile
282,young,about,chap,intermix,fencing,as,curiously,disinherit
283,during,before,serene,segregate,grouper,athwart,grouper,reiterate
284,from,antique,ouch,acquaintance,after,hm,when,short
285,ouch,french,scarcely,beneficial,snow,afore,despite,apropos
286,coast,till,as,circle,since,tedious,morbidity,slope
287,nor,modulo,inside,superficial,fibre,traditionalism,ah,yahoo
288,confused,shirk,annually,sleet,gnaw,underneath,intellect,wearily
289,abaft,or,frankly,singing,aw,really,clinch,anxiously
290,so,duh,and,paintwork,self-confidence,bitterly,curry,grizzled
291,openly,daily,reboot,readmit,extremely,amidst,woot,whether
292,hence,before,on,or,impure,fooey,carp,yowza
293,silent,fully,within,artistic,so,jumbo,infatuated,until
294,without,dearly,gigantic,lest,essence,bossy,excepting,like
295,nab,snuggle,after,psst,judgementally,reward,for,regularly
296,almost,break,meanwhile,midst,phooey,anenst,moment,napkin
297,corral,gadzooks,instead,repossess,abacus,which,confute,self-assured
298,easily,mooch,ouch,against,urban,oh,playfully,however
299,starboard,ha,an,daintily,elegantly,rightfully,simple,disrespect
300,meadow,cardboard,woot,supposing,pant,release,catalyze,promptly
301,feline,short,amid,exactly,spook,next,spear,woot
302,meanwhile,suspension,inasmuch,swath,grouper,till,limply,thorn
303,whenever,ah,aboard,meager,which,via,oil,whose
304,on,over,regarding,vibraphone,eternity,who,times,nervously
305,pfft,after,since,consequently,reluctantly,deployment,restfully,whether
306,offensively,short,unfortunately,finally,oil,easy,repossess,beside
307,even,debit,pleasant,seldom,complicated,whoa,drat,tabletop
308,lest,aha,if,silky,ouch,who,provided,garrote
309,striking,devise,elastic,gown,knickers,follower,although,crocodile
310,hmph,goat,misappropriate,where,pfft,hmph,instead,how
311,enrich,notwithstanding,only,incidentally,unless,defiantly,boastfully,besides
312,ew,event,lest,ack,joshingly,although,shameless,supposing
313,in,ugh,oof,mockingly,hepatitis,along,against,pfft
314,draft,hovel,curiously,behind,yahoo,wafer,yet,likewise
315,patiently,excepting,from,failing,ack,uncork,provided,er
316,flustered,loyalty,upon,mid,service,yuck,roughly,underpants
317,however,flashy,nocturnal,true,nicely,past,atop,which
318,signature,yum,nor,whether,obsess,self-confidence,almost,circle
319,beneath,blink,until,ack,better,diligent,so,onto
320,supposing,like,transom,uh-huh,eke,minus,but,pish
321,dishonor,acquaintance,who,woot,burdensome,empty,recklessly,proofread
322,yum,whenever,apropos,boohoo,boohoo,aside,illustrious,out
323,overcooked,scrap,now,poorly,blah,chip,whose,peony
324,meh,hungrily,ameliorate,oh,unto,meanwhile,instead,yum
325,smarten,meaty,official,midst,sonar,variable,tabletop,pfft
326,beneath,detain,gosh,where,considering,hmph,swat,napkin
327,soap,nicely,foolhardy,as,ouch,unto,cannibalise,avow
328,boo,duh,pure,ultimately,fortunate,kissingly,corporation,pulp
329,cruelly,for,plus,gut,strange,insolence,save,inside
330,fragrant,around,ha,ocelot,mealy,stale,yuck,harvest
331,plus,gee,neatly,blissfully,how,mostly,meanwhile,who
332,questioningly,now,mockingly,uncomfortable,ah,for,publication,officially
333,during,on,courtroom,chase,but,pro,about,abnegate
334,accentuate,premier,violent,idle,besides,repeatedly,while,into
335,once,mmm,ick,CD,westernise,even,intelligent,shimmering
336,blah,mid,across,even,midst,out,scented,phew
337,fooey,than,porter,worth,than,approximate,circa,around
338,er,climb,than,boohoo,so,hence,cauliflower,far
339,ha,although,deliberately,loyally,unfit,ugh,provided,function
340,toothbrush,aha,browse,exaggerate,for,mortally,ornery,with
341,jut,up,even,rue,confused,jubilant,second-hand,now
342,hairy,volleyball,versus,gallivant,pink,with,brandish,waft
343,punctual,wallaby,dishonor,and,narrate,denitrify,swiftly,next
344,seafood,astonishing,westernise,powerful,sailor,like,regarding,loftily
345,circa,sermon,um,ack,woot,configuration,instead,delightfully
346,calmly,however,rekindle,huzzah,dicker,excepting,import,if
347,sans,sadly,bookcase,duh,meal,intend,pro,almighty
348,ouch,discourse,overconfidently,hence,voluntarily,pfft,variable,inside
349,bossy,acceptable,tool,exaggerate,collaborate,amidst,after,aboard
350,up,finally,following,pleased,waltz,heavy,awkwardly,because
351,unabashedly,upbeat,mob,wholly,failing,closely,the,fluctuate
352,between,though,alongside,gee,phew,heroine,regulate,especially
353,unrealistic,glimmer,duh,once,by,wherever,at,meadow
354,conservative,likewise,furiously,yippee,upon,encouragement,glorious,as
355,quizzically,scale,ouch,dusk,eternity,restfully,knight,from
356,garrote,cornet,angrily,favorable,boohoo,bah,furthermore,bar
357,graft,veg,flashy,saw,sharply,fooey,before,typify
358,now,which,row,except,near,famously,tremendously,zowie
359,likewise,since,along,expostulate,hm,toward,rich,actually
360,gigantic,motor,polyester,intensely,hence,precedent,the,fedora
361,formula,majestically,conceptualize,inasmuch,sharply,squid,mesh,gadzooks
362,kindheartedly,ack,ack,dispose,quadruple,mythology,when,wretched
363,outflank,phew,plan,uh-huh,vice,yippee,defenseless,broadly
364,following,extricate,even,for,graduate,lest,upon,quit
365,who,evince,frightened,furthermore,coop,delightfully,hence,once
366,whenever,provided,whoever,wherever,jealously,tightly,hence,lazy
367,masticate,successfully,obnoxiously,ew,instructor,utter,flight,consequently
368,of,including,gadzooks,abnormally,upbeat,rally,finally,pish
369,anenst,good,whether,yippee,innocently,apropos,finally,nervously
370,underneath,now,curse,gee,evenly,sonar,curl,loftily
371,even,jazz,revere,unique,whoa,haze,vice,how
372,importance,self-assured,delete,strictly,opposite,slimy,somber,astride
373,sorrowful,meh,ugh,psst,marimba,abaft,whoever,underneath
374,frozen,spear,toward,as,which,lest,frankly,after
375,whose,ouch,recklessly,till,barring,sharply,outlaw,mature
376,downshift,upwardly,taut,supposing,other,minus,unless,besides
377,fedora,quinoa,mid,rejoin,repentant,er,book,cleave
378,meh,meh,pish,fooey,madly,monthly,readies,up
379,clamor,to,whoever,into,minus,murky,near,reiterate
380,outside,brr,offend,cosset,an,sarong,weary,yum
381,revitalise,golden,wherever,inwardly,without,sans,fooey,times
382,per,wholly,however,than,ew,yummy,affectionate,hmph
383,mid,nougat,woot,why,within,aggravating,graffiti,glossy
384,yearningly,talkative,howl,natural,which,pish,ravioli,psst
385,trek,aboard,yowza,powerless,despite,before,boo,righteously
386,dampen,weakly,psst,along,duh,midwife,ack,so
387,into,worthless,ha,deprave,fooey,shampoo,bog,geez
388,vengeful,unethically,given,emerge,finally,down,affiliate,quart
389,plus,because,hmph,tighten,hmph,unlike,radiant,ugh
390,although,equatorial,allocation,vice,fooey,whenever,home,dutiful
391,consequently,whereas,equatorial,yawningly,appliance,drat,whoa,intent
392,once,blaspheme,what,yippee,consequently,gladly,psst,ick
393,council,fantastic,midst,regularly,sturdy,resolve,taxicab,uh-huh
394,that,secondary,whereas,separately,favorable,smart,excitable,quizzically
395,zowie,seriously,obscure,know,questioningly,onto,woefully,mid
396,assist,outside,quit,than,yowza,coliseum,mysterious,sell
397,showy,roasted,provided,besides,adventurously,fooey,joyfully,daily
398,masquerade,righteously,refer,implode,overwork,aha,afore,cooperative
399,sternly,nicely,coordination,boo,unusual,apropos,despite,briefly
400,functional,but,cruelly,design,passionate,euphonium,bulky,massage
401,solidly,sign,fondly,drat,where,shabby,comparison,till
402,near,shell,abscond,for,sleepily,beneath,broadside,linseed
403,sans,once,snow,utterly,banish,bashfully,next,mosh
404,fast,rawhide,judgementally,store,blindly,what,privilege,bashfully
405,tight,new,hm,by,mature,extract,hence,abnormally
406,unfurl,warlike,amid,shipper,noisily,yum,only,redact
407,yum,vice,for,crossly,times,for,physical,uh-huh
408,scrabble,mmm,cow,microblog,blend,scary,which,mmm
409,instead,and,where,bah,woot,pause,any,critical
410,duh,finer,dicker,ouch,delirious,fencing,surprise,wildly
411,accentuate,as,once,shudder,holster,inferior,midst,ew
412,ew,rebuild,forsaken,whoa,ick,how,trek,since
413,unethically,boastfully,diligently,yieldingly,babushka,urgently,afford,duh
414,selfish,stingy,merit,bug,knavishly,hypothesize,gosh,scarily
415,aha,dapper,experience,polyester,aha,bandwidth,near,ouch
416,silver,menacing,drab,waterlogged,yuck,even,trusting,cash
417,aha,lest,selfish,amidst,bob,whose,provided,pfft
418,writ,up,secret,at,upwardly,astride,phooey,gosh
419,yesterday,adventurously,shrilly,gah,spotless,ah,confound,mortally
420,ramp,covenant,blah,festival,er,mobilize,what,slowly
421,duh,pfft,configuration,frightfully,so,tentacle,raw,meh
422,er,since,ride,when,till,last,adrenalin,aw
423,linseed,loosely,spice,acidly,aha,habit,unabashedly,evenly
424,ha,vice,unfit,incidentally,midwife,loyally,minus,muddy
425,promptly,brook,about,outside,surprise,oof,psst,helplessly
426,forenenst,except,when,intently,unto,disinherit,majestic,outlaw
427,waver,bah,whenever,vivaciously,when,instead,upside-down,boggle
428,likewise,yippee,cauliflower,average,cautiously,muddy,wise,mmm
429,brr,siege,intervention,yowza,up,outside,er,candid
430,whose,shyly,rue,hold,from,where,but,thankfully
431,overburden,eek,matter,ravage,until,however,gosh,yet
432,grumpy,which,jovially,knavishly,deliquesce,yuck,haversack,rebuild
433,hm,slather,unethically,instructor,bitterly,until,gee,past
434,hourly,eyeliner,gee,slide,stylish,yowza,ample,onto
435,showboat,athwart,so,incidentally,ugh,collaboration,gadzooks,despite
436,forenenst,aha,excepting,furthermore,toward,satirize,anti,vice
437,gee,unless,in,beyond,optimal,stay,whereas,bah
438,an,meanwhile,whenever,with,hmph,when,why,freezing
439,contravene,netsuke,dwell,unripe,deadly,around,stool,for
440,dim,woefully,briefly,why,mmm,outrageous,throughout,hovel
441,evenly,in,mentor,saturate,furthermore,yuck,moist,true
442,blah,besides,afore,elegantly,while,before,boo,huzzah
443,chap,partially,now,traffic,buttery,lest,till,sparkling
444,when,markup,trek,rise,treble,toothbrush,heavily,yippee
445,ah,yippee,mockingly,pfft,shameless,silver,communicate,intervention
446,unsteady,trained,ill-fated,never,marathon,who,meanwhile,pfft
447,ignorant,howl,tank,vibraphone,stump,parody,oh,unfortunately
448,frizz,yawningly,not,measly,freight,tool,barring,around
449,opposite,sternly,whirlwind,finally,burly,by,though,strict
450,beside,phew,beyond,coolly,ick,well,boo,lift
451,extent,easily,yahoo,to,readily,impostor,tomography,off
452,pace,useless,artistic,pomelo,impolite,which,ouch,gaseous
453,wide,apropos,unto,garage,surprisingly,sour,how,boohoo
454,equally,zowie,bore,eek,divert,tinderbox,entice,as
455,settler,yuck,gulp,above,justly,shush,grandpa,courageously
456,brush,sonar,huzzah,deadly,conservative,ah,preside,popularize
457,chromakey,colorfully,of,winding,furiously,times,above,uncork
458,silently,apropos,boo,monthly,castanet,whose,doing,upright
459,haversack,waft,incidentally,but,versus,milky,well-documented,strident
460,gee,commemorate,recount,gosh,who,infinite,ugh,regarding
461,fooey,meh,and,thoughtfully,boastfully,although,cautious,regularly
462,stay,supposing,gazebo,likely,yippee,scuffle,secrecy,onto
463,hmph,for,mooch,yum,enthusiastically,along,pharmacopoeia,coin
464,unscramble,whoa,aha,replicate,swiftly,overconfidently,e-mail,nor
465,ha,present,runway,excluding,ceramic,gadzooks,adrenalin,pace
466,unabashedly,geez,shush,inasmuch,athwart,deselect,vice,both
467,pace,yum,acquaintance,yuck,subexpression,while,rationalize,inspect
468,voluntarily,fake,ready,salty,urban,psst,polite,perfectly
469,arbitrate,psst,boohoo,oblong,pro,store,circa,dismal
470,minus,pfft,ouch,fooey,prime,why,feline,hoarse
471,noisily,astride,handsome,stable,council,bonnet,but,shovel
472,jazz,aw,attest,scare,boastfully,sequester,besides,boo
473,beside,bump,selfishly,aware,apropos,spook,cow,ouch
474,best-seller,brace,sunny,lieu,dreamily,mathematics,besides,dense
475,huzzah,satisfy,than,log,knottily,likewise,lest,well-lit
476,austere,fiercely,perfection,yummy,energetically,broadcast,meanwhile,strident
477,advancement,amid,edible,bobble,carefully,subexpression,ugh,svelte
478,brush,under,whoever,darn,in,favorite,whereas,splash
479,down,woot,regarding,for,object,filter,seafood,supposing
480,yowza,before,although,step-mother,excepting,so,glum,deployment
481,ha,apropos,till,duh,whose,gasp,oof,yak
482,aftermath,whose,whether,questionably,lox,ugh,phew,weatherize
483,perfumed,while,tasty,whose,and,except,sad,pessimistic
484,fail,below,beneath,boohoo,hunt,ah,topsail,sarcastic
485,gosh,satirize,immediate,though,which,confound,forceful,purse
486,shy,plastic,hopelessly,afterwards,allegation,grouchy,unethically,sustenance
487,drat,mmm,nab,quicker,etch,truly,baritone,slip
488,optimistically,drat,yahoo,modulo,cleverly,yum,antagonize,frightfully
489,drat,kookily,generally,how,um,huzzah,yahoo,regarding
490,beneath,before,unaccountably,across,quarrelsomely,igloo,ha,between
491,majestically,statue,unbearably,wholly,throbbing,ill-fated,after,moist
492,fen,fooey,ugh,er,cute,oxidize,provided,now
493,accomplished,butter,oh,burly,bah,aboard,until,or
494,wherever,whenever,even,when,until,adventurously,satirise,near
495,because,yippee,godfather,redress,qua,criminal,minus,gah
496,presume,brr,ack,frenetically,gastropod,inasmuch,among,roasted
497,now,yahoo,er,psst,unimpressively,magnetize,repentant,speedily
498,readily,openly,role,unto,via,oil,suspiciously,excluding
499,before,true,hm,so,drat,gadzooks,expatiate,beyond
500,coordinated,though,hmph,within,contractor,where,larva,veto
501,since,pleased,tenderly,vice,hourly,crossly,bench,adaptation
502,apud,while,wisely,soon,reckon,fooey,fully,on
503,mushy,majestically,shrilly,solemnly,facilitate,ornery,lotion,mom
504,ack,well,whoa,sideboard,heavily,splendid,machine,monthly
505,psst,fund,different,volleyball,interestingly,via,gladly,bouncy
506,makeover,repurpose,igloo,pace,likely,ouch,monasticism,phew
507,gadzooks,jaggedly,psst,in,whereas,towards,neaten,across
508,aha,pack,hm,nerve,including,quicker,without,acidly
509,gee,whoever,yippee,mosh,airbrush,indeed,prohibition,like
510,pointed,dead,sweatshop,airbus,amongst,nor,boring,uh-huh
511,cauliflower,barring,cloudy,every,during,merit,regularly,over
512,gee,dramatize,within,lovely,misread,fully,likewise,why
513,divert,but,yum,ew,ack,minor,illustrious,properly
514,vicinity,even,optimal,smoothly,incidentally,or,winged,quit
515,yuck,hoof,underneath,excluding,broadcast,cultivated,appropriate,excitable
516,in,psst,rigid,yum,scarification,snarling,almost,correctly
517,whether,for,outdo,towards,plus,gee,insistent,indeed
518,plus,playfully,jaggedly,regarding,safeguard,bah,oval,with
519,potable,negative,inquisitively,eminent,faithfully,probate,whenever,adviser
520,any,sleepily,brief,contravene,across,nervous,glorious,provided
521,knickers,hawk,livid,fireplace,burly,list,where,on
522,baseboard,toward,meanwhile,amid,drat,adult,overconfidently,meander
523,blah,than,alienated,clueless,foolishly,commercial,huzzah,trick
524,inquisitively,swing,where,inject,trek,astride,besides,however
525,mid,gah,and,zowie,lively,at,interchange,beyond
526,though,incidentally,spotless,simple,notwithstanding,harangue,er,consequently
527,fabricate,nor,ouch,expert,forgery,small,electric,whereas
528,neglect,ah,minus,readmit,shameful,while,massage,heroine
529,gosh,wherever,surprisingly,delightfully,godfather,mechanically,mixed,or
530,meanwhile,underachieve,reward,outlying,grave,slump,glisten,whereas
531,failing,taxicab,kookily,rebuke,warmly,huzzah,yuck,middle
532,instead,brand,orchestrate,abacus,even,vicinity,um,knavishly
533,ironclad,pace,beyond,cheerful,uh-huh,excepting,pharmacopoeia,devil
534,to,unit,nervously,what,violently,defiantly,coordinated,afore
535,premeditation,cope,ah,hole,per,hmph,phooey,amused
536,instead,meaningfully,finally,within,incomparable,pastel,given,tasty
537,midst,amongst,beneath,powerfully,yellow,outset,reorganisation,harp
538,anti,briefly,fabricate,or,versus,abseil,to,duh
539,never,consequently,pish,woot,on,snoop,after,passport
540,woefully,whoever,lest,behind,sleet,advocate,develop,recent
541,repentant,stir-fry,in,zowie,plan,unlike,drum,aside
542,overconfidently,finally,athwart,common,inconsequential,asset,next,interior
543,shyly,different,aside,in,where,shoot,because,plus
544,plus,venom,where,easily,ignite,likewise,yuck,snowplow
545,quarrel,ouch,firm,instead,gee,opposite,gloomy,whether
546,term,lasting,privilege,huzzah,regarding,gee,needily,from
547,cluttered,above,gleefully,ew,fooey,mysteriously,whenever,whoever
548,unnaturally,mysteriously,memorise,reschedule,that,now,while,tail
549,runny,reschedule,meanwhile,below,bewail,even,grubby,worth
550,nearly,an,mid,following,license,patiently,fooey,since
551,surprise,where,pertain,blah,knowledgeably,considering,parched,neaten
552,meanwhile,plagiarise,however,glittering,yuck,chromakey,um,while
553,courageously,boom,productive,unless,a,masculinize,whether,fray
554,instead,chime,slink,when,boo,soft,ultimately,powerfully
555,forsaken,wrongly,after,bin,hm,if,with,inventory
556,aboard,worse,provided,until,grounded,consequently,meanwhile,officially
557,academics,painfully,arcade,against,justly,ah,after,minus
558,solemnly,skeletal,weighty,hypothesize,charming,repossess,because,turbulent
559,blah,opposite,give,however,through,joyous,lest,ack
560,internationalize,rim,supposing,unlike,victoriously,gown,caption,repossess
561,underneath,alongside,minister,ew,formula,which,jubilantly,parody
562,miserly,that,wealthy,sedately,busily,fraudster,unlined,but
563,assured,for,incinerate,never,beyond,concrete,pinion,who
564,formula,carpool,rapidly,now,midst,spirit,oof,chiffonier
565,fill,suspiciously,gleefully,next,dividend,mmm,frantically,yum
566,willfully,carp,jubilantly,atop,urgently,fooey,among,legal
567,worst,enrich,duh,zowie,off,more,flash,if
568,unlined,politely,why,platypus,boo,dental,vice,ill-fated
569,considering,well-groomed,disarm,scamper,print,conceal,um,flight
570,excepting,er,as,while,next,feminize,flood,government
571,woot,whenever,that,whole,that,diligently,which,warmly
572,printer,bah,fowl,aside,vastly,soft,wherever,healthily
573,minus,duh,furthermore,about,graft,ah,attest,bah
574,glorious,reapply,that,before,wee,that,yum,hospitable
575,weakly,phew,quinoa,break,if,mantua,before,bore
576,for,strategy,scarily,going,whereas,puritan,wavy,analyse
577,vamoose,agreeable,limp,yuck,hmph,tame,sorrowful,abaft
578,generally,if,voluntarily,raw,department,provided,reflecting,boo
579,sizzle,judgementally,meh,over,within,annually,frizz,faint
580,cooperative,throughout,whose,doubtfully,gleefully,bookcase,knavishly,handful
581,goodwill,um,pro,midst,corrupt,forenenst,huzzah,how
582,concerning,bah,clamor,excited,misspend,meager,rally,because
583,although,underachieve,commemorate,shred,sport,collaborate,filter,unlike
584,or,privilege,phew,section,obedient,bliss,nor,whether
585,derby,give,duh,justly,unhappy,hydrolyse,litter,nimble
586,abaft,ugh,flowery,cap,peter,outrun,birth,whenever
587,excepting,uselessly,before,derby,brr,ugh,proud,pave
588,guzzle,famously,scope,forenenst,towards,duh,lean,dramatic
589,stylish,quirkily,while,fooey,afore,down,consequently,oof
590,dependent,but,hm,smarten,presell,to,mean,mythology
591,outgoing,nervous,elementary,descendant,antique,degenerate,that,schlep
592,tackle,schematise,quizzically,of,wherever,quietly,hoof,aside
593,breastplate,knotty,punctually,huff,energetic,usefully,behind,who
594,vivaciously,scenario,as,boohoo,leap,brochure,sans,frightfully
595,glimmer,reel,eek,summer,whereas,enormously,gratefully,through
596,dicker,spherical,overreact,fishery,ragged,despite,cap,abnegate
597,worth,why,beyond,tusk,immediately,onto,feather,croon
598,refute,scornful,hypothesize,shudder,worthless,pfft,over,if
599,stale,famously,oof,funny,unzip,up,on,mid
600,coolly,plus,ack,blah,gadzooks,loaf,not,optimistically
601,procrastinate,among,true,besides,violently,past,equally,coagulate
602,at,besmirch,dulcimer,devise,pension,amongst,joyous,er
603,yuck,unimpressively,switch,opposite,lest,poorly,provided,faithfully
604,acidly,ah,reckless,partially,uh-huh,whose,pneumonia,um
605,phew,married,imaginative,sans,issue,fun,anti,label
606,yippee,nervously,regular,usefully,home,proper,ah,concerning
607,anenst,rudely,outnumber,warm,yowza,dark,equally,as
608,supposing,advancement,below,inasmuch,furthermore,who,sequester,tennis
609,outlaw,and,role,reprimand,mathematics,excluding,gah,lotion
610,blaspheme,closely,home,exacerbate,on,murky,essential,barring
611,preside,duh,unnaturally,come,solder,with,as,fairly
612,yellowish,drag,yellowish,near,jogging,while,as,pilot
613,boohoo,joyously,ack,as,pish,oh,anesthetize,cinch
614,even,mortally,ack,why,outfox,whenever,ah,tough
615,commonly,reboot,pfft,qua,than,like,muscat,thoroughly
616,hm,lampoon,yippee,and,um,well-lit,gadzooks,geez
617,that,inasmuch,beyond,depend,ouch,rich,metabolise,fooey
618,provided,generally,serve,fondly,ascertain,valentine,achieve,government
619,huzzah,and,ajar,for,overcook,once,blissfully,similar
620,loudly,or,wrong,that,eggplant,oh,stabilise,majestically
621,oof,when,daily,swerve,gah,ugh,orchestrate,vice
622,carelessly,whereas,decode,in,dutiful,slime,daily,short
623,westernise,paltry,misguided,clearly,scowl,confirm,glider,until
624,immaculate,yum,disinherit,solidly,but,zowie,customise,brr
625,premeditation,rout,courageously,monstrous,major,only,tenement,of
626,on,decent,off,woot,wealthy,morning,hard-to-find,pop
627,deprave,flustered,however,delightfully,sit,bustling,decode,cumbersome
628,coaxingly,furthermore,whose,birdcage,dreamily,absent,cardboard,interestingly
629,asset,unfortunately,repeatedly,below,guzzle,phew,charming,though
630,yippee,excluding,square,atop,unimpressively,next,mmm,eminent
631,circa,oh,incidentally,short-term,ugh,defensive,pace,unsteady
632,blah,barring,ghost,sunny,positively,whenever,within,inasmuch
633,given,but,these,both,until,partridge,rapidly,yearningly
634,braid,er,anticodon,yippee,sup,upwardly,coliseum,reproachfully
635,huzzah,object,unless,obligation,heavily,apropos,provided,mammoth
636,provided,fit,weakly,circa,runny,certainly,swill,next
637,reapply,jaggedly,unzip,painfully,carefully,boohoo,inure,thigh
638,whup,forage,testing,duh,astride,chasuble,because,phew
639,surprise,gulp,underneath,soon,defiantly,aw,quit,meander
640,playfully,lady,under,pish,mesh,plus,celebrated,mount
641,hateful,gently,naturally,offset,indelible,heavily,ugh,hungrily
642,ditch,frenetically,deduction,extension,up,before,quiet,upright
643,after,where,so,correctly,absent,till,boohoo,dampen
644,snowplow,rapidly,lone,yowza,pointless,brace,testify,tennis
645,amongst,ack,outside,meander,or,or,ideal,uh-huh
646,what,failing,waist,frightfully,though,ew,since,instructive
647,eek,furthermore,excluding,but,monthly,overcook,unlike,very
648,amidst,meanwhile,including,hollow,times,justly,handful,each
649,yippee,simplistic,wonderful,nerve,cone,kookily,which,sneaky
650,marimba,another,than,that,upset,provided,roadway,gah
651,mmm,now,till,an,astride,as,besides,nervous
652,duh,meh,like,hydrolyse,honestly,athwart,navigate,ew
653,which,than,rundown,gadzooks,spectate,or,internalize,summarise
654,skyline,marksman,ouch,absent,phew,yuck,geez,forenenst
655,rebuke,inasmuch,rarely,although,bony,fold,hovercraft,even
656,provided,yum,spring,aboard,er,amidst,lasting,lazily
657,drat,circa,exploration,fuzzy,silver,until,uh-huh,duh
658,sleepily,limping,beside,but,concerning,whether,downshift,flickering
659,anxiously,fatherly,minus,till,whoa,sedately,holster,simplistic
660,coal,among,downshift,oof,crowded,puritan,aw,who
661,yet,stylish,next,zowie,helpfully,scarcely,noisily,insidious
662,round,intelligent,sophisticated,ferociously,ick,effector,psst,um
663,meh,but,second,unrealistic,ew,enchanted,indeed,throughout
664,section,after,the,yippee,zowie,indeed,ack,parsnip
665,dark,versus,lest,handy,beloved,summary,provided,as
666,courageously,throughout,pfft,though,appropriate,geez,unzip,till
667,or,considerate,forenenst,strict,lightly,exactly,before,since
668,ew,overload,fooey,once,vacantly,forgather,um,fine
669,that,and,generously,strictly,off,wedding,scope,well
670,lavish,upliftingly,now,intervention,with,forceful,mooch,monocle
671,atop,overheard,nor,yahoo,excepting,wrongly,depend,proper
672,lucky,er,hmph,aside,issue,ribbon,assist,shoulder
673,at,even,likewise,ribbon,seemingly,planula,sniff,yowza
674,newsprint,lined,knowledgeable,boo,antique,dismal,phooey,sundae
675,knowingly,hm,what,plus,shrilly,tomorrow,ick,cluttered
676,amidst,straight,since,however,censor,premise,majestically,stable
677,entice,at,lest,verbally,print,until,reporter,among
678,where,highlight,medium,quarrelsomely,spork,disconnection,greedily,produce
679,hence,term,statue,provided,intellect,chiffonier,intently,um
680,geez,squiggly,even,a,er,microblog,assured,behind
681,yum,extent,male,stranger,gosh,duh,boohoo,gosh
682,what,indeed,sophisticated,freely,readies,tag,vivaciously,innovation
683,controvert,all,besides,brr,contractor,gadzooks,aside,blah
684,since,onto,midst,intent,phooey,while,whistle,scarily
685,far-off,meanwhile,intrigue,barring,dishearten,carelessly,tightly,forenenst
686,bemuse,ah,soon,for,indeed,frightfully,yuck,forage
687,since,absentmindedly,massage,gosh,jaywalk,woot,diligent,wherever
688,notwithstanding,bah,careless,kissingly,boo,meadow,accelerator,gadzooks
689,yippee,duh,above,midst,per,untrue,table,institute
690,why,as,presume,mockingly,internalise,mmm,as,ouch
691,inwardly,deduct,altruistic,pish,verify,soft,bleakly,supposing
692,searchingly,economise,separately,hippodrome,object,unless,self-assured,officially
693,provided,inwardly,what,oof,goodwill,um,pillbox,outrank
694,swordfish,whereas,indeed,unlike,creative,wrongly,positively,easy
695,eventually,keel,as,folklore,self-reliant,puny,before,easily
696,honorable,halt,truly,aha,horn,whose,dimly,what
697,oh,eventually,oh,before,old,heroine,polarisation,underneath
698,um,ocelot,interesting,ready,crest,geez,marksman,blah
699,finally,blah,drive,whereas,over,react,phooey,offensively
700,carpool,mentor,subtract,schematise,jump,suspension,wonderfully,rule
701,though,yuck,queasily,place,bashfully,pfft,experienced,eek
702,inasmuch,rebel,yogurt,since,skeletal,gallivant,joshingly,truthfully
703,encode,what,even,defrag,yummy,inspect,unlike,loudly
704,whose,near,save,correctly,boastfully,strictly,convection,produce
705,kit,beside,sunder,muscat,poorly,outbid,wetly,an
706,terrorise,smarten,heartfelt,from,husband,corporation,sonar,circa
707,contradict,as,digit,woot,upsell,seemingly,times,stormy
708,carelessly,solemnly,yeast,guilt,fooey,yuck,sympathetically,swanling
709,after,forgather,wherever,doing,phew,sympathetically,hassle,incidentally
710,marketplace,ew,misread,homely,bashfully,cutover,via,very
711,submitter,ack,careless,whoever,intensely,unaccountably,far,since
712,present,longingly,instructor,molasses,once,countess,minor,except
713,valuable,gadzooks,provided,forenenst,if,mom,an,beneath
714,oh,unnecessarily,whether,machine,yet,abnegate,pearl,yum
715,amid,woefully,delight,ick,monasticism,ick,silt,than
716,glittering,miskey,arraign,whereas,where,rival,oof,after
717,libel,provided,scrape,till,customise,frenetically,psst,which
718,that,finally,next,against,hm,rough,queasily,fooey
719,pliers,fashion,kick,hence,woot,shout,excepting,unkempt
720,well,vet,international,supposing,as,forsaken,fervently,phooey
721,countess,boldly,wound,uh-huh,fantastic,writ,interestingly,crowded
722,although,digestive,beside,scented,unaccountably,ornery,disrespect,tightly
723,knowingly,conservative,gosh,boring,qua,furthermore,across,content
724,lest,neatly,if,mmm,anti,swill,now,whenever
725,evenly,pish,unlike,subdued,archaeology,thoughtfully,onset,dearest
726,seemingly,ouch,positively,middle,chunder,courageously,meanwhile,usable
727,requite,wherever,yahoo,uh-huh,meanwhile,lean,for,tabulate
728,publication,how,mosh,yahoo,metallic,really,difficult,superior
729,lest,yuck,mortally,incinerate,consistency,whoa,inasmuch,cycle
730,knife,forenenst,symbolise,past,boastfully,portray,editor,unimpressively
731,regarding,qualified,yowza,but,likewise,know,yahoo,fooey
732,firsthand,adaptation,deceivingly,whoa,skateboard,of,turbulent,or
733,fuzzy,but,meh,white,furthermore,notwithstanding,likely,ferret
734,cellar,drat,deeply,now,hm,economise,untidy,menacing
735,what,jubilantly,aw,readily,zowie,greedily,lest,corrupt
736,fooey,tremendously,especially,whoever,blah,concerning,makeover,valentine
737,resort,tiny,peppery,diligent,upon,that,inferior,helplessly
738,coarse,courageously,sway,demob,saw,weakly,where,meh
739,crest,ape,nor,tomorrow,cheap,mean,scale,seldom
740,gadzooks,impanel,with,ew,although,unless,though,gee
741,consistency,serenade,aboard,cemetery,unblinking,ferret,wrathful,that
742,majority,slimy,parched,psst,while,upliftingly,oof,whether
743,stock,yuck,fondly,friendly,chow,near,underpants,pro
744,huzzah,as,about,alive,yippee,reproachfully,sonar,until
745,amendment,mixed,pish,furthermore,silky,carefully,so,reservation
746,basic,formal,of,vice,competent,inasmuch,sleepy,since
747,alongside,meager,near,indeed,vivaciously,sour,yummy,creaking
748,colossal,mixed,aha,lender,unless,reiterate,nervously,vibraphone
749,orchid,aware,aw,vivaciously,unnecessarily,procurement,swelter,immediately
750,furthermore,fooey,since,drat,irresponsible,popularity,boldly,decriminalize
751,quickly,now,likely,once,beyond,tool,underneath,oddly
752,punctually,yearn,blah,although,coexist,negotiation,ew,furlough
753,navigate,instead,beside,lowball,whether,fooey,simple,enlist
754,athwart,fortunate,immediately,whoa,apropos,ouch,negative,blowgun
755,pip,violently,while,phew,tusk,so,properly,chiffonier
756,cruelty,if,doorpost,oof,dense,gadzooks,downchange,yum
757,glider,inside,reorganisation,likewise,mobilize,viciously,yuck,huzzah
758,what,absolve,ambitious,beside,tremendously,about,once,kaleidoscopic
759,grumpy,until,scaffold,inasmuch,gently,er,fen,pastel
760,stock,replicate,hmph,lest,what,caption,optimal,outnumber
761,through,mmm,unaccountably,anti,puppet,recompense,or,seemingly
762,gently,circa,gullible,tag,questioningly,however,atop,wry
763,huzzah,back,warp,hm,dwell,beautifully,clinch,unused
764,discrete,sunbeam,thrifty,wasabi,cook,ew,sociable,curiously
765,whose,equal,bathhouse,phooey,once,degenerate,regarding,whether
766,yuck,when,um,duh,irritably,till,ferret,mummify
767,offset,blaspheme,thoughtfully,eek,vary,hm,vol,bump
768,importance,excess,phew,secularize,or,er,delightfully,soupy
769,incidentally,convince,into,what,physical,vanish,since,meh
770,annually,evil,inside,burdensome,and,scared,because,readily
771,shadowbox,recklessly,ha,separately,distant,abnormally,pulse,outside
772,proselytise,humble,glimmer,carboxyl,furthermore,since,lovely,yum
773,personalise,purse,heavy,hopeful,boohoo,proceed,soliloquy,limply
774,reproachfully,below,gosh,annually,nor,knowledgeably,exactly,likely
775,ack,around,unselfish,last,new,darn,timely,formal
776,modulo,profitable,posh,anaesthetise,mean,qua,proper,meh
777,whereas,now,whether,fluffy,midst,supposing,familiarize,between
778,concerning,plus,uncommon,readily,woot,aw,hefty,woot
779,meh,crossly,apud,cycle,within,almighty,ah,whether
780,whose,near,than,impish,ouch,t-shirt,chatter,to
781,if,greatly,ha,elementary,redevelop,traffic,hutch,dead
782,stable,inculcate,cautiously,when,ape,hm,hollow,ah
783,upon,concerning,carouse,acclaimed,compassionate,whereas,hungry,inveigle
784,failing,into,inculcate,rebuff,whenever,with,stormy,brr
785,huzzah,unbearably,well-worn,duh,ick,onto,vision,as
786,hourly,digitize,under,gosh,foolishly,however,deplore,good
787,than,boo,seemingly,pulse,a,slowly,ack,whack
788,pretend,ick,creative,unimpressively,dream,politely,finally,likely
789,classic,than,over,within,yieldingly,broadside,dusk,whether
790,musty,like,what,ha,trusting,like,aha,clonk
791,uh-huh,dampen,lest,unsung,concerning,mid,notwithstanding,circa
792,male,disappointment,with,gee,eek,revere,understanding,unabashedly
793,youthfully,ugh,brandish,indeed,primary,past,swiftly,chapel
794,independence,irritably,scare,mob,advanced,fiercely,intend,dark
795,uniform,phew,aside,proselytise,punctually,eek,because,yellow
796,um,coexist,regarding,yuck,uh-huh,thread,pro,and
797,gosh,preside,whoa,analyse,down,knife,necessary,failing
798,terribly,brandish,what,fluffy,whereas,tail,abaft,and
799,guilt,lift,compromise,ack,old-fashioned,typify,broadly,barring
800,though,drat,pastel,humble,wherever,summarise,now,circumference
801,pick,gosh,disk,arid,vice,ultimately,helpfully,gallery
802,yuck,generously,decode,once,quaver,nicely,anesthetize,scuffle
803,tomb,mythology,transparency,valuable,react,cruelty,place,scar
804,whenever,unwilling,yippee,upbeat,anaesthetise,lest,strategy,knife
805,blissfully,to,likewise,unless,memorise,euphonium,eek,colorless
806,that,ick,puny,like,progress,candid,along,whenever
807,why,uncover,moisten,officially,but,atop,limp,scarily
808,throughout,blah,round,junior,lest,broadly,round,disadvantage
809,dearest,ceramics,so,amidst,instructive,hmph,than,fictionalize
810,aha,platter,and,peaceful,afore,give,beneath,hospitalization
811,how,fun,bewail,yet,yahoo,dramatic,blindly,categorise
812,jogging,weekly,remarkable,eek,warp,although,settler,yahoo
813,hype,into,yahoo,that,preside,before,delectable,jealous
814,apricot,tectonics,blah,whether,mosh,after,regarding,as
815,describe,wetly,kettledrum,inventory,through,who,afore,likewise
816,opposite,thyme,amid,sauerkraut,yowza,yet,openly,why
817,er,instructor,now,anenst,unscramble,weird,upright,into
818,huzzah,saw,meh,portray,vestment,selfishly,overproduce,yowza
819,underpants,slow,reproachfully,follower,dapper,gee,immediately,deeply
820,angrily,kowtow,boo,likable,lest,suffocate,hot,aw
821,obnoxiously,very,scotch,skyscraper,though,deceivingly,expatiate,pfft
822,likewise,if,amidst,enchanted,design,along,vein,eek
823,fuzzy,readily,teeming,amendment,license,repurpose,joshingly,middle
824,ick,superb,after,commonly,prickly,lest,overcoat,indeed
825,properly,welcome,flickering,above,than,confusion,quantify,above
826,duh,shudder,yowza,buck,instantly,piglet,far-off,closed
827,smug,yuck,order,vice,who,shear,assured,allegation
828,ethical,brr,cardboard,brightly,pacemaker,ecliptic,ouch,wee
829,whether,as,sand,besides,beside,institute,until,excepting
830,incidentally,excluding,assail,unbalance,amongst,husband,diligently,daily
831,while,nor,provided,carelessly,till,digitize,gee,hmph
832,questioningly,lock,despite,import,favorable,demonstrate,justly,ignorant
833,lanky,sedately,although,heavenly,badly,shocked,whoa,eek
834,intently,chase,indeed,yum,happily,pike,equal,unimportant
835,floss,blah,eek,CD,treasure,furiously,oh,ostrich
836,whether,lightly,ah,fleck,smoothly,interior,gah,mmm
837,even,only,reasonable,procrastinate,usually,ick,clamor,per
838,sparkling,yum,delete,mockingly,supposing,wrongly,freely,atop
839,meaty,helpfully,loose,supposing,blink,uh-huh,remorseful,instead
840,pepper,nucleotidase,gloat,however,acidly,swathe,red,knit
841,anenst,ramp,soulful,um,communicate,how,slip,scrabble
842,near,duh,woot,tomorrow,assured,lift,obedient,knottily
843,now,brandish,manage,bustling,phew,whereas,ravage,inspection
844,outside,follower,stiffen,flowery,unlearn,unimpressively,mould,unfortunately
845,finally,ashamed,but,where,yak,than,linseed,when
846,oh,indeed,homeschool,broadly,chiffonier,that,than,repentant
847,fisherman,deprave,so,softly,intermesh,why,throughout,of
848,because,apparatus,lest,supposing,catalyst,who,symbolise,modulo
849,oddly,inasmuch,after,turret,marksman,unzip,riser,dwell
850,athwart,dash,gah,beyond,uselessly,sanity,for,incidentally
851,weakly,vibraphone,fuzzy,key,jealously,mindless,whenever,pasta
852,above,modulo,chap,ugh,sarcastic,um,mixture,considering
853,animated,saw,magnetize,nor,skeleton,modulo,forenenst,ha
854,oh,rag,reproachfully,when,whoa,throughout,adolescent,dispose
855,pfft,wherever,minus,super,place,boo,mmm,if
856,better,overwork,beautifully,separate,since,including,sashay,abandoned
857,scheme,decryption,the,fooey,apud,elegantly,fake,vainly
858,divine,jubilant,except,outside,eek,justly,though,inasmuch
859,under,after,although,the,blah,because,sturdy,versus
860,aboard,iterate,though,density,phooey,fooey,fast,deflate
861,vain,before,weighty,miserably,boldly,phew,cantaloupe,surprisingly
862,times,blissfully,once,yin,hm,even,boohoo,angle
863,mesh,throughout,supposing,versus,ugly,although,flawed,hmph
864,abseil,mooch,swing,famously,allocation,woot,delete,via
865,gee,aw,form,gosh,mmm,unaccountably,sternly,since
866,questionably,yippee,catalog,colorless,sympathetically,so,injunction,bakeware
867,um,reconsideration,madly,loudly,parody,hygienic,phooey,really
868,hype,smoothly,save,gosh,wretched,idolized,stylish,legging
869,why,yahoo,supposing,opposite,yahoo,notwithstanding,jubilantly,regal
870,silver,alongside,blacken,sushi,blissfully,quicker,after,pop
871,forgery,eek,unbearably,yahoo,throughout,eyeglasses,scratch,without
872,that,unless,anti,jagged,viciously,ah,though,hmph
873,wearily,airman,quickly,finally,prickly,for,oof,why
874,runny,archaeology,excepting,unless,economise,upon,frenetically,hose
875,underneath,lovingly,who,why,hastily,vibration,morning,fair
876,disinherit,hmph,scented,unexpectedly,lashes,officially,cop-out,psst
877,cautious,wafer,hippodrome,when,next,gee,huzzah,mathematics
878,hm,doubter,bore,happily,dial,in,although,gosh
879,bus,fairly,oxygenate,duh,awful,best,yuck,chiffonier
880,obnoxiously,youthfully,burgeon,disappointment,around,jittery,longboat,once
881,joyful,whenever,who,subtle,flight,ouch,boom,wretched
882,phooey,small,apud,gee,amidst,sauerkraut,uh-huh,alongside
883,plugin,gently,cuddly,for,duh,unscramble,sunder,offset
884,whine,incidentally,admired,minus,jumbo,because,zowie,because
885,drat,definite,enrich,until,aged,even,dependency,gladly
886,sometimes,out,terraform,acidly,inside,book,righteously,fleck
887,galoshes,definite,indeed,instantly,consequently,via,considerate,against
888,bleakly,proliferate,reproachfully,bowler,qua,gosh,woot,wriggler
889,loosely,that,gosh,immaculate,before,rightfully,elderly,instead
890,yum,pish,hollow,and,outside,that,um,publication
891,about,whereas,even,prioritize,incidentally,whale,live,versus
892,yet,throughout,mostly,affectionate,versus,overconfidently,tensely,evince
893,CD,eek,humiliating,until,ha,jive,finished,velocity
894,queasily,wisely,shanghai,rejoin,oof,likewise,now,abacus
895,tackle,regarding,finally,since,within,version,circulate,duffel
896,upon,monthly,kielbasa,if,bah,however,like,voluntarily
897,demonstrate,after,excluding,whenever,boohoo,going,longingly,whose
898,pfft,whose,solidly,reproach,hence,t-shirt,excitedly,absent
899,gray,nor,extroverted,helpfully,untidy,bleakly,beneath,beside
900,abaft,fooey,light,roasted,sheepishly,hotfoot,pepper,how
901,lazily,with,duh,so,uncover,shrill,fabricate,gaseous
902,hmph,e-mail,likewise,in,although,nor,square,yippee
903,annual,ferociously,except,colorless,on,hmph,supposing,supposing
904,brr,excluding,statement,spice,wrongly,up,busy,concentration
905,separately,tabulate,yum,stiff,too,couch,delight,thin
906,fooey,geez,pfft,artistic,zowie,trolley,industrialize,traffic
907,across,besides,wilderness,gadzooks,which,fairly,after,relieve
908,pish,whenever,aboard,likely,quickly,outside,when,easily
909,phew,gripping,near,brr,unwilling,what,birdbath,duh
910,simplistic,alarmed,surface,versus,whoever,upon,ideal,intent
911,healthily,coarse,worriedly,ew,psst,garage,throughout,fatally
912,pish,quaintly,illustrious,waft,yahoo,taxicab,kookily,presume
913,incidentally,instantly,electric,unfortunately,except,till,gurn,whoa
914,during,boyfriend,up,oh,faithfully,publicize,till,instead
915,debut,whisper,puzzled,bashfully,paintwork,toward,neaten,investigate
916,pro,mmm,parallel,enchanting,vein,kindheartedly,especially,yawningly
917,sorrowful,storyboard,platypus,mediocre,pepper,soggy,lend,SUV
918,exotic,yowza,imagineer,digestive,caring,tricky,courtroom,beautifully
919,suspiciously,industrialize,whoever,gently,indeed,sheepishly,hence,however
920,outgoing,evenly,ew,finer,coliseum,contravene,hopelessly,old
921,utterly,silt,guidance,gah,poppy,bob,an,soggy
922,yuck,stained,dull,till,vanish,anti,veto,furthermore
923,finally,pale,shallow,like,round,without,warmhearted,though
924,inasmuch,thorny,yippee,testimonial,institute,finally,what,smuggle
925,inferior,slime,intently,mmm,junior,amidst,consequently,though
926,pfft,mountain,which,weary,why,communicate,innocently,cleverly
927,on,save,behind,seafood,acidly,preheat,rich,among
928,summarise,past,provided,wordy,stack,for,remand,woot
929,pfft,what,eek,but,incidentally,aged,clueless,icy
930,why,as,wilderness,oh,whoa,meanwhile,stir-fry,less
931,parched,pfft,out,yahoo,brightly,handful,forceful,gift
932,below,brr,for,mismatch,even,huge,refine,blossom
933,meh,whoever,softly,terrorise,citizen,furthermore,bug,describe
934,genuine,whoever,ew,rekindle,absent,once,major,hello
935,going,before,angelic,than,ew,pointed,woot,lost
936,arrange,plus,although,linear,psst,because,tough,agitated
937,place,fashion,notwithstanding,hmph,silent,separate,meanwhile,clear
938,instead,ghost,via,spiffy,out,dead,duh,next
939,carelessly,gosh,past,er,briefly,knottily,brightly,fairly
940,ew,numeric,under,overcharge,about,exempt,querulous,till
941,devil,unlawful,colon,lack,pacemaker,fill,knowledgeably,nippy
942,athwart,brr,deed,since,slipper,gah,yippee,where
943,quizzically,bravely,cumbersome,conceptualize,too,monthly,vaguely,oof
944,after,until,since,ultimately,where,aha,retrospectivity,oh
945,gallivant,when,along,uh-huh,ick,academics,premeditation,minus
946,gracefully,until,baritone,hm,interestingly,thoroughly,custody,heavily
947,a,fort,healthily,superb,why,overconfidently,wherever,by
948,coordinated,inside,but,prance,provided,deck,enormously,meatloaf
949,yahoo,ah,convince,major,meal,aside,source,decouple
950,print,ha,not,amid,aware,yet,fine,ah
951,coolly,mooch,while,boring,ostrich,house,subdued,over
952,lasting,woot,excitedly,blah,whoa,anti,despite,among
953,trek,shakily,before,fencing,heavenly,object,heroine,fondly
954,mechanically,silky,concerning,publicity,healthily,crafty,heavenly,biodegrade
955,international,uh-huh,regular,yowza,outside,scoop,explode,irresponsible
956,footrest,hm,er,geez,blah,yet,immaculate,boo
957,pigsty,opposite,across,yum,aboard,lazy,whenever,except
958,furthermore,lonely,prestigious,deform,ick,geez,suffice,extricate
959,border,heavy,hoof,questioningly,representation,scornful,waltz,before
960,appropriate,priesthood,down,soap,unlike,amongst,out,yet
961,phooey,coaxingly,via,perspire,essential,zowie,essence,connect
962,yowza,yowza,expostulate,whoever,nocturnal,sediment,democratize,er
963,purse,sup,amnesty,optimal,incline,strictly,though,switch
964,toward,regular,blindly,although,per,about,plus,weakly
965,disloyal,orientate,revoke,ravel,behind,loudly,dependent,what
966,wallaby,square,what,matter,spiffy,gee,carefully,fatally
967,promptly,incidentally,affect,following,though,amidst,steeple,peter
968,subtle,gah,incandescence,yahoo,onto,yowza,whitewash,forceful
969,um,fooey,operating,jive,blah,punctuation,suspiciously,fortunate
970,truly,fussy,but,dimly,fluctuate,schedule,phew,solution
971,outside,though,misjudge,er,grave,er,because,backburn
972,jiggle,meanwhile,pfft,whoever,coil,before,after,while
973,mechanically,well-groomed,exotic,synthesise,whenever,inwardly,spherical,clinking
974,because,admired,upbeat,in,tenant,like,denitrify,ha
975,before,yuck,diligently,however,whoa,inquisitively,stiffen,sweet
976,unpleasant,quizzically,above,worth,liquid,ouch,carefully,instead
977,though,fiercely,stained,sun,for,lashes,incinerate,hmph
978,before,limply,swear,silently,aside,ignorance,gadzooks,summer
979,question,and,fedora,summary,talkative,cornet,likewise,like
980,and,comparison,remark,shear,jury,uselessly,whale,mentor
981,bestride,where,pliers,now,on,represent,uh-huh,ick
982,concrete,that,yuck,fearless,upon,accompany,defendant,pulse
983,boo,maroon,modulo,advanced,mould,whenever,mmm,about
984,hmph,provided,somber,whoever,energetically,fiddle,outside,psst
985,duh,yum,an,bruised,provided,by,a,upbeat
986,step,lest,but,thunderbolt,elementary,ew,meh,including
987,brr,apropos,murky,light,demob,easily,concentration,zowie
988,comb,halt,fiddle,ick,sans,so,joyously,cleverly
989,splay,fervently,till,elliptical,which,inexperienced,fuel,whoa
990,under,who,arbitrate,any,gah,cardboard,eek,unless
991,blowgun,tattered,unwieldy,deplore,home,because,hoarse,frantically
992,meh,gently,dual,than,sandy,drat,aboard,cleave
993,task,huff,pish,seriously,uh-huh,on,except,roughly
994,quit,clavicle,circa,jazz,awesome,bench,aha,cutover
995,nephew,thin,institute,derby,um,fuss,bouncy,apropos
996,illusion,after,bah,coast,mountain,though,positively,what
997,vol,hmph,chunter,jumbo,out,unless,unwelcome,obnoxiously
998,messy,eke,who,save,energetically,lively,sophisticated,above
999,scent,powerfully,black-and-white,braid,each,what,wombat,allocation
1000,clamor,luck,purse,gestate,from,microchip,minus,um