Id	First Name	Last Name	Email	Phone	City	Country	Company	Job Title
1	voluminous	once	enroll	greatly	gratefully	generally	pepper	peninsula
2	procurement	or	bourgeoisie	meanwhile	nor	viciously	and	sweatshop
3	not	underneath	lazily	intently	unethically	aha	calculating	judgementally
4	amid	stitcher	frantically	yet	toothpick	why	acidic	rewarding
5	hm	familiarize	yawningly	outset	meh	twine	whenever	the
6	toothbrush	governance	incline	flat	via	provided	leading	closely
7	ironclad	qualified	drat	devastation	yet	kooky	ick	angrily
8	instruction	wound	despite	well	repeat	er	contrail	sparse
9	tool	next	extension	obedient	properly	coexist	fashion	zowie
10	iridescence	er	among	release	enrage	tensely	ah	whose
11	unlawful	typewriter	when	times	now	cram	late	aha
12	of	ugh	how	inject	frenetically	underneath	across	sightseeing
13	subtle	finally	disk	if	gee	even	fax	clonk
14	godfather	viciously	because	meanwhile	besides	exactly	biodegradable	underneath
15	pro	intermarry	distinct	avow	enormously	coarse	haversack	oxidise
16	persecute	awesome	yahoo	trolley	jumbo	even	apud	unsightly
17	hence	energetic	for	costume	so	youthfully	millet	victoriously
18	among	eek	before	along	comestible	wound	unethically	rebuild
19	loosely	only	scarily	confiscate	waver	gadzooks	bar	er
20	er	save	even	tectonics	incidentally	onset	hyena	probable
21	from	except	um	joyous	receptor	energetically	instruction	lined
22	muddy	phooey	castanet	however	below	seagull	pace	shy
23	molasses	bitter	messy	shakily	lively	merrily	hovercraft	gah
24	mad	bracelet	gosh	home	filthy	hierarchy	easy	hmph
25	bah	that	which	yum	physically	deliberately	yippee	apud
26	oh	mmm	unlawful	off	electric	dimly	promptly	aw
27	whoa	behold	know	whack	notwithstanding	gah	cluttered	given
28	icy	superficial	diver	thread	abnormally	even	mostly	enraged
29	dreary	assured	till	misfire	within	shred	convalesce	retention
30	relieve	repentant	reproach	tough	markup	alongside	in-joke	technologist
31	snoopy	boohoo	giggle	per	a	furthermore	exasperation	giant
32	gee	whoa	sniff	boohoo	why	boohoo	developmental	except
33	heroine	bank	too	sans	whereas	masticate	ouch	for
34	crafty	phooey	char	enthusiastically	late	front	backbone	investigate
35	though	er	firsthand	dim	ramp	competent	thoroughly	geez
36	hard-to-find	while	sustenance	zowie	yippee	fooey	duh	onto
37	drat	past	midst	why	an	bin	overload	ski
38	hopelessly	serene	heartfelt	restructure	anti	an	between	scuffle
39	oddly	below	reproachfully	mortar	preheat	inasmuch	stoop	boring
40	pace	usually	that	important	miskey	spark	table	meager
41	strict	whoa	how	apprehensive	fiercely	colonialism	graft	digestive
42	above	incidentally	anenst	throughout	jaggedly	wound	notwithstanding	towards
43	now	typewriter	pish	friendly	fiercely	interchange	while	who
44	whose	deceivingly	mortally	apud	sushi	nutritious	now	phew
45	extroverted	slow	inasmuch	natural	distinction	creator	whether	jovially
46	finally	outrank	bashfully	briskly	instead	astride	uh-huh	thump
47	evince	pendant	appropriate	phooey	coarse	yahoo	recklessly	signature
48	unaccountably	bewail	overconfidently	quart	voluntarily	familiarize	speedily	worthless
49	indeed	yahoo	soon	provided	um	fooey	accurate	stained
50	youthfully	sate	pro	dependent	shrilly	strategy	unfortunately	habit
51	under	marvelous	meh	yuck	while	whether	coliseum	an
52	youthfully	far	complication	sonata	outstanding	er	bah	failing
53	juicy	by	gradient	ecliptic	task	censor	upliftingly	ha
54	easy	famously	describe	careless	obligation	since	ick	giggle
55	lock	who	dispense	until	gape	incomparable	apud	minus
56	splosh	after	boohoo	as	blah	give	not	safe
57	curiously	pfft	for	following	store	save	oof	minister
58	flowery	huzzah	harvest	jot	by	eek	unexpectedly	off
59	intellect	past	after	pfft	though	runway	sport	snuggle
60	earth	which	pastel	fibre	trick	lest	clamour	backburn
61	worth	after	through	properly	affiliate	victoriously	ah	grizzled
62	eek	readmit	grandson	emerge	cultivated	nor	alongside	outside
63	boo	woot	however	indeed	unknown	wisely	rise	via
64	deceivingly	to	up	concrete	warped	eggplant	sidetrack	whereas
65	an	adaptation	lightly	athwart	eek	modulo	gah	pertain
66	why	drat	incidentally	smoothly	regulate	adult	verve	unfurl
67	off	victoriously	furthermore	bah	squid	peninsula	mmm	so
68	fraternise	nicely	unethically	when	anti	considering	pointless	handy
69	defendant	fraternise	fondly	zesty	devise	toward	cornet	greedy
70	pro	abscond	drab	yet	dissemble	as	limply	nervous
71	porter	eternity	describe	without	lest	but	ha	ick
72	shrilly	always	boo	fuel	successfully	reiterate	massive	yippee
73	striking	arrange	so	sequester	following	furthermore	although	inasmuch
74	bah	ornery	tune-up	aboard	besmirch	peaceful	phrase	extra-large
75	substantial	jungle	including	drowse	once	which	whereas	instead
76	before	fairly	elegantly	tinted	enormously	decision	notwithstanding	that
77	brr	french	sweatshop	why	until	pip	made-up	eke
78	punctual	inwardly	blah	yowza	scheme	officially	boo	middle
79	snappy	indeed	how	vivid	abaft	from	blink	weakly
80	hence	hungry	beside	who	fooey	whoa	fiercely	weird
81	reckless	boggle	scratchy	bidet	hassle	skateboard	inasmuch	so
82	instance	guidance	not	shrilly	pearl	inasmuch	finally	augment
83	remorseful	lashes	creative	pant	oxidise	guilty	absent	dress
84	lumpy	grandiose	what	until	over	but	appropriate	ridge
85	headline	pushy	utilization	inasmuch	though	until	finally	arrange
86	complete	lightly	curiously	wherever	certification	till	yet	which
87	urgently	certainly	captain	efface	sometimes	hm	coop	pave
88	jet	excepting	while	daily	meaty	ravel	yak	closely
89	secret	deck	psst	against	accessorise	buzzing	apparatus	stable
90	abseil	unabashedly	broadly	dull	where	to	noted	concentration
91	boldly	canter	internalise	neat	loyally	ah	lest	psst
92	ha	before	vestment	tightly	whether	boohoo	unless	tenderly
93	shyly	steeple	retool	best	portly	discourse	lest	instead
94	hunt	provided	testing	supposing	unique	emulsify	psst	posh
95	huzzah	wrongly	bah	hmph	failing	healthily	couch	intrigue
96	unselfish	with	righteously	times	clonk	upside-down	familiar	er
97	antagonize	waft	duh	jittery	chiffonier	jogging	uh-huh	approach
98	circa	frantically	tabletop	commodity	electronics	scale	solidly	characterization
99	what	um	what	loosely	eek	final	safely	unfurl
100	ha	primary	scratch	till	unless	gadzooks	rebuild	birth
101	orchid	er	godfather	ferociously	gah	till	substitution	emphasize
102	from	mechanically	orderly	gee	oily	brr	ha	whenever
103	of	whenever	er	beyond	provided	curry	past	via
104	rot	competent	important	gadzooks	an	till	spring	showy
105	personal	furthermore	for	lovable	limping	ameliorate	catalog	swerve
106	failing	snack	biodegradable	pip	yowza	sandbar	remark	reward
107	frilly	colorfully	plan	as	lest	advertisement	yum	shoot
108	patiently	gadzooks	physically	ouch	probe	gah	nightlife	since
109	during	gradient	mmm	brisk	zowie	but	mummify	gape
110	ugh	bog	indeed	jovially	lest	drat	with	with
111	task	legislature	as	faraway	bleach	furthermore	lest	fraternise
112	squiggly	if	mmm	baa	worth	ugh	whenever	whup
113	hoot	above	smooth	as	ecliptic	slather	certainly	flood
114	fax	essence	over	down	instead	versus	skyline	knight
115	boldly	jubilant	heartfelt	brush	incidentally	zowie	vary	intelligent
116	joyous	retract	unhappy	under	fray	mmm	solemnly	pace
117	incidentally	smoggy	optimal	inhibit	than	until	maintainer	wetly
118	absent	when	afore	blah	likewise	yippee	questioningly	cutlet
119	ack	section	plus	er	smoke	who	utilized	which
120	splay	ouch	unlucky	cassava	utterly	custom	unlawful	than
121	lest	quicker	procrastinate	behind	debit	croon	well	blah
122	steeple	um	valiantly	given	remark	surprised	till	like
123	loaf	why	or	mockingly	healthily	switchboard	inside	yahoo
124	mmm	hutch	filthy	worth	saloon	husband	round	up
125	almighty	before	besides	meaningfully	for	abnormally	along	alongside
126	complete	imagineer	recount	damp	government	unique	yearly	bobble
127	shyly	capsize	sonnet	whoever	jeopardise	aha	kindly	retrospectivity
128	likewise	against	militate	mould	gadzooks	crumble	if	avalanche
129	dental	futon	gadzooks	boo	which	in	fooey	gee
130	that	urban	aboard	since	majestic	mid	when	yum
131	antique	scram	ruin	aboard	step-mother	kindheartedly	dependable	offend
132	orientate	kookily	nimble	who	except	now	after	while
133	after	headline	wallop	before	straw	appropriate	an	general
134	though	including	hydrocarbon	pfft	quarrelsomely	ill-fated	vol	reservation
135	ick	bathhouse	courageously	ouch	whoa	commemorate	about	unto
136	throughout	to	noon	phooey	angle	gah	recount	hungrily
137	whenever	busily	trim	sense	soupy	rectangular	viciously	since
138	aside	sweetly	impeccable	vastly	who	since	jazz	arid
139	controvert	eek	notwithstanding	zowie	pale	annually	unless	verbally
140	nor	remand	warped	boastfully	stealthily	hold	why	depot
141	inside	tribe	mooch	but	without	though	whenever	suburban
142	inasmuch	among	tomatillo	because	reiterate	toward	saw	overload
143	bustling	quintessential	by	whose	muddy	hope	adventurously	separately
144	without	bide	relative	overconfidently	ah	reopen	so	complication
145	but	provider	unless	stark	or	fooey	uneven	potentially
146	uh-huh	sleepily	lest	ramp	service	an	overwork	fatally
147	where	opposite	lampoon	excepting	even	upon	self-reliant	jeopardise
148	willfully	shameless	eek	brr	vice	so	along	procurement
149	boyfriend	viciously	drat	frankly	mid	sup	toward	purple
150	phew	offensively	appropriate	across	happy	deeply	oh	underneath
151	who	phooey	yum	vivaciously	bathhouse	whenever	phooey	provided
152	limp	yuck	commonly	hence	ha	aw	carelessly	mortally
153	pish	limply	deeply	devise	tame	instead	through	bah
154	unto	fully	failing	underneath	near	hence	impact	publication
155	sew	sophisticated	and	blah	premeditation	following	advanced	pharmacopoeia
156	impeccable	amongst	accelerator	woot	babushka	internal	naturally	weatherize
157	qua	when	live	entice	halt	kindheartedly	unlike	times
158	record	stiffen	requite	absent	deliberately	sauerkraut	absent	eek
159	upon	if	hence	brr	unnaturally	failing	brr	hmph
160	wolf	if	wheel	properly	yippee	whether	diversity	gosh
161	meanwhile	noteworthy	unit	whoever	unique	crocodile	hose	scented
162	tremendously	ack	bravely	righteously	weekly	nor	gee	trench
163	back	plump	forage	anenst	finally	squiggly	mobilize	unkempt
164	avalanche	sociable	average	swear	final	at	vainly	for
165	ample	solicit	content	velocity	overload	triangular	privilege	um
166	upbeat	notwithstanding	whoa	however	quip	octave	er	pale
167	rewarding	authorized	ligate	wrong	an	phew	into	major
168	gah	anneal	because	overreact	whoa	longboat	distinction	beautifully
169	till	carefully	despite	generally	imaginary	intrepid	finger	finally
170	lest	uncommon	emphasize	than	republican	search	jumbo	whereas
171	geez	howl	traditionalism	overspend	worriedly	besides	than	splurge
172	beneath	rebuff	dwell	swiftly	yowza	hopeful	sew	unlike
173	eek	on	crossly	unlike	delight	optimal	perfumed	near
174	pace	painfully	disloyal	loyally	smoggy	zany	who	wedding
175	about	besmirch	amid	mid	via	sizzle	dead	or
176	shoot	apricot	dental	finally	boo	nauseate	promise	behind
177	afore	gosh	yellowish	blah	provided	pfft	why	mechanic
178	athletic	grandson	physical	ack	sizzle	tame	er	er
179	rebel	like	uselessly	successfully	grok	scenario	larva	jubilantly
180	smart	mosh	quaintly	incidentally	duh	athwart	notwithstanding	ragged
181	frantically	first	puritan	bah	an	hippodrome	necklace	publicize
182	whirlwind	huzzah	gadzooks	despite	pfft	since	bowling	if
183	after	ah	huzzah	boohoo	sock	calculating	because	provided
184	meanwhile	too	apropos	horde	furthermore	ring	cutover	gee
185	knowingly	aha	instead	during	whether	up	sometimes	victorious
186	verbally	than	whereas	napkin	safely	gullible	fuss	candid
187	needy	jubilantly	obscure	nor	bah	velocity	mockingly	eek
188	about	majestically	energetic	gah	huzzah	aggravating	fairly	evil
189	lazily	chime	shred	indeed	impish	evince	instead	story
190	incidentally	modulo	academics	yum	space	before	vision	smarten
191	collectivization	bouncy	once	except	a	how	grim	inasmuch
192	quixotic	ha	concerning	aware	slather	after	astride	rapidly
193	stable	before	simple	summarise	fair	phooey	innocently	guilt
194	qua	modulo	commonly	frozen	lashes	wonderfully	but	to
195	prohibition	admonish	blah	terribly	mealy	huzzah	transom	aftermath
196	privilege	though	without	catalyze	tankful	which	underneath	digitize
197	duh	when	delight	aha	focalise	expatiate	notwithstanding	shout
198	amendment	dimly	tooth	that	furthermore	since	sometimes	outstanding
199	calmly	yahoo	yuck	ah	psst	event	freely	boo
200	which	bad	gratefully	nor	inject	curl	around	violin
201	ouch	yuck	glorious	atop	trustworthy	extremely	sin	putrefy
202	or	favorable	blah	card	slowly	woot	lively	out
203	square	however	dearly	likewise	upon	whoa	waft	ah
204	pace	authorized	near	incidentally	gee	institute	down	sheepishly
205	around	interesting	uneven	vein	knickers	overconfidently	ugh	or
206	graft	especially	dally	like	abaft	eternity	although	remark
207	but	presume	fess	partridge	easily	ouch	healthily	except
208	including	tool	now	anticodon	arrange	huddle	distinction	toward
209	sermon	gust	incidentally	frightfully	impassioned	whoa	reel	recklessly
210	yowza	antelope	keenly	drat	fully	which	between	distinct
211	creature	toady	pant	intrepid	swanling	oddly	because	basket
212	powerful	and	hm	lively	outside	sadly	dissemble	decisive
213	ack	at	duh	inasmuch	beyond	daintily	once	ah
214	ouch	tricky	since	hubris	throughout	on	circa	woot
215	brr	pillow	gah	till	fluff	wherever	typeface	yet
216	generally	language	towards	warmhearted	towards	commonly	alongside	boo
217	clamour	rarely	mechanically	pish	fooey	hutch	uh-huh	absent
218	descent	since	whoever	smoggy	median	boohoo	yum	industrialize
219	eek	whoa	juicy	mentor	which	mortar	now	instead
220	sunder	hoot	scenario	lampoon	over	underneath	tectonics	till
221	sarong	up	near	below	exonerate	behind	excluding	inasmuch
222	royal	siege	uncommon	overstay	modulo	customise	properly	cap
223	winding	rich	rarely	what	bashfully	old	disappointment	anenst
224	gah	pink	blind	than	who	that	pixellate	junior
225	aware	incidentally	broadly	white	um	wherever	minus	forenenst
226	failing	as	cutover	provided	ah	woot	table	ugh
227	upon	dimly	ripe	massage	via	abaft	gurn	proliferate
228	obesity	smooth	utterly	appertain	fortunately	within	yippee	story
229	down	provided	extroverted	nutritious	monstrous	ice-cream	wherever	reopen
230	cake	dim	proceed	toaster	perfection	um	if	timely
231	enormously	per	towards	inject	digitize	fruitful	replacement	rawhide
232	helplessly	afore	harangue	till	almost	travel	eek	closely
233	wearily	dearly	in	astride	unabashedly	bracelet	lazy	unless
234	memorise	quiet	er	glorious	ack	demonstrate	intently	rarely
235	that	concerning	out	ew	reboot	arcade	behind	dearly
236	yuck	pleased	testify	yet	exasperation	intent	out	some
237	hyphenation	amid	commonly	dime	below	incidentally	yuck	consequently
238	entomb	needily	intend	youthfully	pfft	lest	kiss	amidst
239	amidst	octave	out	boohoo	advocate	like	rationalise	shoulder
240	of	lumpy	untimely	perp	sans	brr	quit	disarm
241	gah	brr	if	cloudy	above	yummy	phooey	absolve
242	merrily	concrete	ack	exactly	fun	legging	gee	championship
243	fall	spattering	knife	curiously	untrue	generally	dally	observe
244	brood	converse	yowza	offensively	prioritize	proud	delightfully	brightly
245	violently	underneath	accidentally	like	suburban	drat	memorable	majestic
246	since	after	zowie	hidden	white	whether	restructure	inasmuch
247	blah	than	moment	into	productive	boohoo	inasmuch	bustling
248	rot	whoever	thin	finding	boom	phew	handle	wherever
249	partially	than	aha	terrorise	about	brr	eventually	inhibit
250	bandwidth	overheard	fluctuate	at	language	hm	contrail	gleaming
251	uh-huh	intellect	tut	besides	slather	biodegradable	outside	baptise
252	pfft	astride	aside	affectionate	extremely	busy	for	shovel
253	hungry	provided	knotty	vice	when	considering	oh	minister
254	knowledgeably	versus	haversack	garage	aged	joyfully	afore	meh
255	colorful	zowie	costume	casket	catch	safely	amongst	knowingly
256	wasteful	paltry	favorable	nifty	aftermath	jazz	harmful	utter
257	vast	knavishly	sardonic	infatuated	if	tensely	hm	scary
258	fencing	obvious	boastfully	which	who	so	lawmaker	decent
259	whereas	vaguely	ick	flu	while	fat	amount	ew
260	elegantly	flawed	brr	on	drat	frozen	pfft	including
261	gruesome	worth	buzzing	calmly	impeccable	terrorise	whether	save
262	mutate	lest	blah	jovially	promptly	till	dicker	bitter
263	ha	plus	pfft	duh	gadzooks	hutch	hence	ignorant
264	godparent	that	whitewash	boohoo	showy	considering	rarely	after
265	primary	regarding	bolster	barracks	degrease	sneak	until	instead
266	psst	interior	begonia	without	back	gah	excess	storyboard
267	incidentally	why	acidly	furthermore	oh	than	rim	heavily
268	wonderfully	once	ugh	unzip	ha	oof	gracefully	lovely
269	inasmuch	whoever	before	altruistic	ha	safely	lotion	extroverted
270	defiantly	beneath	inspection	abaft	fairly	anneal	ignite	however
271	regarding	wing	normal	upon	boohoo	scale	substantial	typeface
272	sudden	phew	pliers	summarise	save	excepting	tensely	curly
273	wash	following	deselect	redound	whoa	intent	sick	vastly
274	adjourn	yum	but	overstay	however	blond	furthermore	boo
275	ethical	far	outside	tousle	economise	bungalow	motionless	fooey
276	unfortunately	whose	glass	league	strictly	unless	owlishly	teeming
277	extroverted	and	unfinished	judicious	painfully	doorpost	how	weighty
278	infinite	sweatshop	nicely	flash	why	whoa	trek	yearly
279	ghost	which	ceramics	fill	until	interestingly	likewise	wherever
280	until	oh	during	even	juvenile	affiliate	hierarchy	thump
281	arrogantly	decryption	mysteriously	intent	gadzooks	chilly	likely	trained
282	as	couch	notwithstanding	huzzah	following	scheme	velvety	yum
283	absent	qualified	ectoderm	where	bore	wash	rim	glider
284	whenever	heavily	jittery	well-documented	thorn	peninsula	analogy	blah
285	ew	from	snoopy	pish	boo	zealous	customise	forenenst
286	feather	during	on	convection	boo	abandoned	plumber	unique
287	geez	neighboring	sprinkles	linear	consequently	brr	follower	innocently
288	vanadyl	wholly	excepting	provision	whoever	ick	whose	icebreaker
289	unethically	sunder	commodity	yellow	paintwork	fervently	trek	unless
290	scarily	scamper	yippee	boo	after	relative	put	incinerate
291	aboard	swing	absent	sometimes	colorful	indeed	pleasant	statue
292	well	as	portray	towards	cook	congregate	functional	or
293	tremendously	carefully	sew	as	ha	yum	fisherman	eventually
294	rule	gadzooks	plus	enormously	knottily	around	season	on
295	furthermore	than	whether	when	incidentally	when	turbulent	gah
296	coolly	impish	near	plain	cheetah	throughout	grandson	healthily
297	brr	noteworthy	merrily	tensely	noteworthy	nervously	about	yet
298	inwardly	ack	cinch	relative	gripping	wisely	affect	scramble
299	apropos	given	yak	brr	cash	spirit	before	geez
300	gnaw	hover	jovially	innovate	softly	tomorrow	membership	meanwhile
301	aha	unfinished	materialise	ack	um	reproachfully	ugh	gah
302	obvious	through	acquire	as	unzip	oh	sizzle	clamp
303	if	teammate	above	knottily	glittering	whoever	eek	tattered
304	emboss	forswear	ha	milestone	deeply	well-groomed	since	what
305	than	finished	atomize	apprehensive	ruin	yuck	fooey	hungry
306	into	before	for	since	pish	extra-large	quickly	hence
307	frizz	excluding	why	male	after	closely	aha	simple
308	aboard	since	optimistically	bootleg	unbearably	duh	soon	or
309	stabilise	so	flat	ack	fooey	amongst	revere	whole
310	sway	zowie	gigantic	yahoo	frankly	unlike	concerning	fluctuate
311	premium	underpants	oh	yet	why	adventurously	mechanically	mask
312	mmm	provided	gosh	out	midwife	over	pillbox	evenly
313	polite	sniveling	indeed	openly	inquisitively	complicated	evince	pretend
314	duh	down	as	worthy	gripping	but	joyously	sun
315	yowza	apropos	midst	premium	solemnly	fooey	militate	by
316	until	geez	earth	collectivization	untrue	lest	intently	gee
317	bah	depend	scowl	yippee	tight	pretty	properly	underplay
318	appertain	gosh	indeed	rectangular	down	tremendously	archive	nor
319	kiddingly	remark	strict	boring	boohoo	consequently	omelet	legging
320	operating	as	drat	in	alongside	yum	why	ouch
321	mom	down	colonialism	grubby	so	puzzled	apropos	towards
322	nor	dimly	er	coagulate	without	fervently	at	story
323	fuel	once	deeply	croon	with	hm	uh-huh	towards
324	sport	sternly	dislocate	formula	meh	versus	anenst	whoever
325	delete	till	among	oddly	despite	gosh	adventurously	consequently
326	after	instead	outlying	brr	gladly	emulsify	loosely	boo
327	yippee	rue	wherever	shy	strategy	offensively	uncork	although
328	less	gratefully	ouch	hmph	dearest	duh	dowse	valuable
329	ugh	for	underneath	boo	minus	christen	gnash	tuxedo
330	outside	uh-huh	excluding	absent	yahoo	pessimistic	vacantly	object
331	blah	patroller	neglected	rowdy	solemnly	postbox	offset	till
332	among	tank	boohoo	intrepid	eyeliner	always	once	continually
333	immediately	whose	afterwards	than	till	scrap	sidetrack	pluck
334	if	aged	telescope	yuck	fooey	phooey	how	ah
335	vainly	innocently	ouch	schedule	before	as	lest	bleakly
336	recompense	quirkily	until	portray	aside	train	er	immaculate
337	ick	requite	nor	how	extroverted	cinema	unethically	geez
338	and	utter	eek	unabashedly	stunt	depot	even	vice
339	vivid	milestone	midst	source	boo	so	readies	male
340	whenever	upside-down	yahoo	certification	orange	yahoo	that	knitting
341	sudden	encode	axe	helplessly	whereas	however	huzzah	jovially
342	amidst	vivacious	hmph	yippee	for	shocked	optimistically	over
343	uh-huh	sans	times	gape	geez	break	bandwidth	lazily
344	aha	bleakly	by	physical	compassionate	tag	under	burdensome
345	excluding	scratch	around	glorious	vet	plagiarise	gruesome	hydrocarbon
346	huzzah	omelet	substantial	although	during	instead	astride	tender
347	of	within	far-flung	fooey	useless	wonderfully	account	yearn
348	though	devastation	outside	fluff	phew	government	aha	accidentally
349	oh	lay	undergo	hovercraft	meh	large	orange	after
350	as	utter	honorable	quarterly	oof	considering	consequently	skyline
351	tromp	save	whenever	er	tenement	down	past	wry
352	gleefully	utter	hence	yahoo	save	dial	gum	spring
353	ugh	powerfully	furthermore	colorize	as	infamous	including	joyously
354	witty	black-and-white	anti	wrongly	plain	instead	hexagon	deflate
355	unless	likewise	gurn	psst	but	softly	among	nor
356	grandpa	oh	fatally	pfft	micromanage	completion	beyond	oval
357	where	pick	foretell	gorgeous	worriedly	mockingly	circumference	lest
358	before	per	sans	aw	meanwhile	drat	aha	the
359	eek	fuel	pop	yum	even	when	at	numb
360	in	happy-go-lucky	safely	finally	generally	reflecting	or	stint
361	utilization	glow	scorpion	with	than	pace	director	annual
362	boulevard	fair	meh	worthless	draw	bleak	around	famously
363	very	satirize	ah	ultimately	um	abaft	ha	shell
364	slimy	eulogise	huzzah	zowie	apud	daughter	but	weighty
365	frenetically	tangible	pace	fooey	glimmer	moment	reasoning	notarize
366	now	pish	minus	wilt	how	ruin	creative	kookily
367	fun	onto	safeguard	ah	cannon	neatly	including	gah
368	angle	after	thoughtfully	correctly	positively	proofread	unless	suspension
369	fog	alliance	modulo	challenge	prickly	er	exploration	aha
370	deployment	cope	unit	qualified	foot	monstrous	whale	dutiful
371	jacket	house	serenade	than	suddenly	disarm	ugh	minion
372	importance	recklessly	healthily	taxicab	questionably	yahoo	opposite	zowie
373	regarding	um	than	for	dampen	tinted	physically	debut
374	certification	a	how	CD	offend	shadowbox	yet	anesthetize
375	unto	afore	dependable	advocate	lid	over	snappy	minus
376	reschedule	pike	march	mean	while	ick	foolishly	obtrude
377	drat	where	provision	a	starboard	questionably	indelible	daily
378	sore	aware	oof	marketplace	boohoo	always	amongst	duh
379	upon	whoever	worth	cleverly	yuck	wildly	sweetly	fondly
380	toothpick	runny	why	deafening	phew	until	spring	mmm
381	slip	wherever	upbeat	before	concerning	whoever	inasmuch	misappropriate
382	for	ugh	knowledgeably	basket	gee	council	pfft	consequently
383	yieldingly	ack	mixture	majority	yowza	volunteer	provided	meh
384	frightened	abaft	gosh	collaboration	during	fortunately	from	scale
385	yet	after	once	glisten	amazing	of	shameful	instantly
386	terribly	wilderness	despite	fess	eek	thoroughly	gosh	that
387	newsprint	promptly	evenly	ice-cream	provider	barring	psst	discrete
388	numb	wherever	planula	zowie	behind	vaguely	detain	peppery
389	astride	afore	surprisingly	insignificant	starboard	meh	or	dead
390	square	above	chromakey	procrastinate	loyally	an	indeed	rationalise
391	pish	surprisingly	bossy	boring	than	from	rubbery	slimy
392	flustered	atop	unused	yogurt	bleakly	ack	before	vestment
393	glaring	gracefully	guzzle	pace	mmm	pretend	only	svelte
394	save	huzzah	yahoo	cannibalise	paintwork	inasmuch	second-hand	precious
395	badly	lively	finally	for	so	worriedly	secrecy	covenant
396	scoff	uh-huh	jellyfish	ugly	fortunately	grandiose	joyful	the
397	impact	geez	notwithstanding	climb	agile	concrete	playfully	throughout
398	typewriter	tomorrow	midst	vacantly	hmph	event	lest	necessary
399	for	excepting	violently	truthfully	oh	babushka	gosh	when
400	darling	vice	pant	hmph	duh	psst	perfectly	indeed
401	phooey	aha	lest	furiously	fatally	warp	fairly	tapioca
402	viciously	license	tender	communicate	mean	duh	clamour	where
403	folklore	rarely	pricey	times	oh	publicize	however	breakable
404	meanwhile	corporation	shrilly	pale	promptly	brush	aha	grown
405	verve	inferior	duh	times	tense	elevation	modulo	breakable
406	fictionalize	reassuringly	per	revere	overcooked	trench	eek	apricot
407	swath	clumsy	arrogantly	pish	innocently	sweatshop	moral	oof
408	helplessly	father	boastfully	fooey	who	continually	enthusiastically	icy
409	though	croon	yearly	fragrant	even	jaggedly	boyfriend	dish
410	forceful	barring	awkwardly	bicycle	huzzah	extremely	modulo	unibody
411	amongst	needy	than	parody	smuggle	keenly	whether	mooch
412	ick	however	nice	wonderfully	dependable	fill	bouncy	partridge
413	whopping	gee	tag	eek	cow	powerfully	feminize	foolishly
414	yum	tapioca	meh	now	clone	dimly	after	decryption
415	astride	incidentally	table	hoot	wearily	now	scram	given
416	upwardly	handsome	embarrassment	quiet	whereas	or	to	alongside
417	nearly	lest	boo	pish	even	until	bourgeoisie	ack
418	kinase	adolescent	marvelous	commandeer	now	sweatshop	provided	quick-witted
419	randomize	yuck	absent	peaceful	swim	confute	yum	ouch
420	impassioned	successfully	rebel	apropos	traditionalism	nor	think	drat
421	monthly	fussy	sock	stormy	baggy	intermix	so	whenever
422	utilization	plus	amid	yum	that	overdue	ah	far-flung
423	break	er	unless	across	gadzooks	generally	wealthy	impolite
424	adaptation	since	very	frivolous	competent	importance	heating	within
425	fast	kielbasa	lounge	except	outlying	excited	athwart	valuable
426	yet	well-made	slap	up	phooey	after	oof	obscure
427	fencing	ah	whoa	depend	among	roughly	always	yahoo
428	winged	abacus	boohoo	gut	hygienic	pliers	deafening	yum
429	small	knavishly	intermarry	loaf	swathe	yahoo	mixed	fashion
430	gripper	duh	portray	alongside	question	sport	greedily	near
431	enormously	wherever	intervention	once	jovially	oof	stylish	provided
432	nimble	warped	tough	indeed	next	cellar	woot	strange
433	capitalise	political	pause	apropos	outgoing	croon	aw	lest
434	per	artistic	sarong	worldly	roughly	biodegrade	jealous	however
435	gosh	how	sonar	gah	whoever	excluding	gee	joyfully
436	indeed	than	beside	question	skyline	through	round	brr
437	suffocate	supposing	adjourn	apropos	flustered	sugary	phooey	zebra
438	misjudge	toward	at	gee	usher	ack	savour	whether
439	but	speedily	because	furthermore	lighthearted	wisely	triumphantly	pfft
440	mash	wasteful	speedily	hastily	mask	drat	so	apropos
441	fooey	who	um	marvelous	rudely	um	lightly	yuck
442	yippee	considering	versus	woefully	lest	foolish	carouse	ethyl
443	militate	catalyze	potentially	utterly	detain	aftermath	phew	when
444	offset	correctly	er	aw	ha	dampen	whoever	amid
445	readily	apt	because	secondary	during	greatly	yippee	moist
446	oof	degenerate	cheerful	runway	brr	qualified	blind	nor
447	ick	standard	even	next	and	reasoning	hippodrome	reproach
448	requirement	within	amongst	aw	zowie	now	glossy	yearly
449	among	continually	however	hopeful	yet	arrogantly	postbox	cod
450	though	blah	corny	bah	boohoo	quaver	scarcely	nifty
451	haversack	kindheartedly	across	independence	coast	vibration	nor	saloon
452	who	yak	smoggy	offensively	even	supposing	angrily	mobilize
453	event	silently	across	barring	regal	mallard	kissingly	warlike
454	how	wearily	next	bravely	unruly	platypus	onto	mmm
455	knavishly	within	furthermore	outset	hastily	gee	drat	unconscious
456	substantial	inure	even	resource	gymnast	hose	terribly	how
457	international	yum	coarse	gifted	engage	when	oof	elderly
458	offset	onto	bravely	what	even	closely	flashy	likewise
459	sometimes	reporter	kindheartedly	convince	worth	pronoun	after	save
460	upsell	bashfully	archive	solidly	after	but	guilty	blah
461	seldom	ferociously	expensive	appreciate	beloved	chap	down	within
462	mid	vivacious	reword	after	prime	sleepily	whenever	shakily
463	joyously	pfft	unto	always	outside	task	whoever	ew
464	slip	spanish	idolized	athwart	diversity	casket	intend	square
465	wasabi	absent	minus	up	livid	indeed	inferior	gleefully
466	fisherman	hence	between	pro	bowed	furthermore	meanwhile	hungry
467	sturdy	during	vacantly	ouch	swordfish	unwieldy	afraid	at
468	hm	manage	oil	indeed	dispense	however	smooth	juvenile
469	near	over	justly	shirk	profitable	pressure	times	lest
470	after	modulo	victoriously	or	afore	out	vicinity	drat
471	ownership	clueless	concerned	qualified	quietly	unhealthy	when	vaguely
472	furthermore	compete	guilt	whose	brr	carelessly	duh	calmly
473	past	giggle	of	helpful	soon	ah	kettledrum	ignite
474	mash	dress	teammate	over	enormously	metallic	against	warp
475	since	athwart	an	if	ceramic	mortally	very	woot
476	knuckle	vice	excited	inventory	knowledgeably	off	once	outrank
477	zealous	blah	far-flung	blink	mid	spectacles	who	versus
478	tennis	past	throughout	athwart	state	courageous	adult	mechanically
479	inexperienced	conceptualize	function	stable	above	dereference	anenst	scare
480	educated	into	amid	neatly	proliferate	oh	who	now
481	gadzooks	next	whereas	so	sizzle	speedily	long	mmm
482	pointless	transom	circular	over	tomography	to	fuss	mmm
483	suffice	ouch	than	into	married	aged	yahoo	instead
484	shrilly	intermix	minor	despite	minor	outdo	electronics	pulverize
485	decriminalize	instead	assured	nice	babushka	by	where	monocle
486	curse	individual	whether	shush	yowza	coordinated	tarry	genuine
487	decryption	dead	vary	configuration	furthermore	boohoo	how	operating
488	ameliorate	curiously	than	boohoo	frenetically	hence	awkwardly	whenever
489	slowly	opposite	onto	inasmuch	inasmuch	ha	bravely	besmirch
490	little	gah	sun	when	bah	stark	naturally	considering
491	whoa	other	royal	abnormally	foolishly	gosh	what	printer
492	even	joyfully	merrily	ack	likewise	mediocre	however	anneal
493	woefully	an	but	ha	unto	except	from	commandeer
494	zowie	absent	stealthily	untidy	rawhide	between	cruelty	incinerate
495	valiantly	vast	aboard	yowza	mooch	why	in	disarm
496	barring	edge	atop	idealistic	because	lone	times	admired
497	zowie	gee	whoever	inasmuch	yippee	serene	ouch	cinder
498	coolly	zowie	sometimes	offset	for	familiar	however	whenever
499	considering	reorganisation	boggle	pro	bicycle	fail	powerfully	following
500	tune-up	plus	dress	ick	with	underneath	hm	loudly
501	after	more	imaginary	inside	suspiciously	modulo	hence	plus
502	once	youthful	silent	as	whether	per	upbeat	pretend
503	fencing	bashfully	story	coaxingly	whoa	duh	freely	so
504	scarcely	unfreeze	aw	gymnast	gray	decriminalize	though	castanet
505	detective	certainly	amidst	well-groomed	cleaner	insist	ew	lonely
506	absent	yowza	discrete	on	freezing	duh	potentially	bleakly
507	near	ack	and	which	boohoo	selfishly	indeed	feline
508	rosin	unnecessarily	recount	regarding	sedately	pfft	afore	nor
509	which	event	mysteriously	heartache	ceramics	uselessly	omelet	worth
510	lively	phew	lest	cassava	notarize	for	um	wry
511	typewriter	cardboard	tightly	wordy	hourly	consequently	quixotic	after
512	before	impressionable	instead	reflate	quarrelsome	vice	noisily	physically
513	old-fashioned	overcoat	bah	given	why	honestly	despite	amidst
514	unlike	ugh	terrible	athwart	neaten	greatly	weary	fast
515	redound	captain	roughly	heavily	once	anti	what	deduct
516	blah	incidentally	than	preside	twist	provided	against	holster
517	although	ravioli	even	devastation	aboard	huzzah	offset	sardonic
518	vice	broken	creative	nice	whoever	closed	unless	regulate
519	direct	case	sudden	baa	whoa	enfold	likewise	exaggerate
520	writhing	up	evenly	aha	and	wherever	nicely	barracks
521	upon	duh	dwell	merge	inquisitively	jovially	if	how
522	as	mid	behind	blacken	commonly	reasonable	vacantly	well-off
523	tenderly	safely	quickly	meh	shameful	hence	destock	an
524	submissive	duh	dead	neatly	blah	conjecture	usually	whoever
525	waterlogged	whoa	bouncy	pfft	internal	near	pleasure	hmph
526	elastic	despite	numb	teeming	thoughtfully	gah	out	bashfully
527	mortar	yippee	ew	hence	utterly	ah	ick	bashfully
528	above	electric	finding	toward	stable	pace	yak	explode
529	nice	prime	aha	mortally	gym	shallow	how	steep
530	blossom	onto	wherever	fairly	instead	generously	long-term	deselect
531	for	usually	past	equate	whenever	deer	buttery	reboot
532	finally	loudly	unlike	forgather	since	other	brr	duh
533	morning	because	pink	repeat	ride	corporation	axe	above
534	pfft	firm	clearly	parallel	hassle	furiously	happily	below
535	pish	degrease	lighthearted	sometimes	economise	defiantly	barracks	joshingly
536	scrape	barring	massage	creator	notwithstanding	finding	since	genuine
537	engage	shameful	boss	geez	wildly	pro	grade	lest
538	developing	mmm	knife	robust	though	sate	moral	drat
539	gum	fall	as	whereas	hungrily	ick	accompanist	cinch
540	sometimes	while	for	design	why	snow	valley	than
541	supposing	incidentally	seagull	by	mid	gadzooks	geez	ouch
542	badly	release	excepting	monthly	overburden	reborn	willow	since
543	about	fervently	where	serene	who	blaring	contrail	barring
544	piglet	above	white	gadzooks	reborn	duh	scrutinise	whoa
545	furthermore	necklace	inasmuch	instead	comb	longingly	huzzah	abaft
546	hence	tooth	even	throughout	until	immaculate	stratify	oof
547	ski	the	indeed	um	uh-huh	overdue	when	midst
548	nearly	instead	likewise	badly	now	intensely	once	brand
549	graduate	help	outrank	lean	tabletop	gladly	until	premise
550	however	ravel	unlined	times	hm	kinase	triangular	fencing
551	exotic	er	preregister	zowie	since	and	worth	friendly
552	suddenly	misjudge	while	anenst	ruddy	beside	immaculate	indeed
553	out	since	helpfully	gift	frightened	accessorise	spew	golden
554	ack	on	anticodon	demobilise	yieldingly	scarper	clinking	unfreeze
555	pfft	pish	better	shyly	extension	flight	uneven	mmm
556	loosely	expert	information	unethically	yet	inasmuch	as	homely
557	unwilling	writ	issue	degrease	yummy	abseil	trash	squiggly
558	yahoo	drat	throughout	as	oof	sure-footed	whose	kissingly
559	nervous	nocturnal	finally	label	sate	outdo	lowball	wrongly
560	apropos	bide	against	supposing	ugh	plump	alive	failing
561	ew	anenst	draft	above	helplessly	amidst	outbid	worth
562	pfft	humor	deceivingly	harmful	slowly	throughout	brr	pace
563	loudly	for	sightseeing	psst	capitalize	abnormally	skateboard	around
564	dicker	but	overheard	awful	psst	uh-huh	pulp	blah
565	intermarry	knowledgeably	excluding	fussy	incinerate	contrast	miskey	scarper
566	musty	vice	pick	lecture	ham	anti	immediately	blissfully
567	someplace	fowl	optimistic	supposing	for	whenever	rigid	quarrelsomely
568	so	pliers	snowplow	apologise	thankfully	overreact	elegantly	educated
569	nor	tattered	digitize	clavicle	outbid	over	yuck	whereas
570	first	zen	astride	towards	helplessly	haul	role	down
571	sin	account	because	shovel	however	coarse	excluding	once
572	hunger	ugly	before	especially	hm	twine	gosh	meanwhile
573	blah	off	what	yahoo	crossly	uh-huh	gracefully	hold
574	splosh	fooey	damp	farmer	brr	zowie	around	captain
575	gradient	pfft	restfully	than	an	lowball	honesty	why
576	mid	woot	blink	majestically	barring	gust	season	kowtow
577	whether	within	ack	emboss	yuck	fully	loaf	hope
578	pillow	unfit	ha	lavish	zowie	scare	however	which
579	atop	neat	violent	loudly	er	trusty	ouch	hypothesise
580	realistic	doing	mantua	how	rubric	duh	curiously	whether
581	merrily	offensively	charter	formal	who	geez	avow	pine
582	thankfully	dereference	revere	minus	psst	free	what	until
583	focused	snoop	sarong	chilly	versus	excitedly	apropos	righteously
584	who	ha	yuck	or	hepatitis	which	around	versus
585	next	briefly	twin	valiantly	manage	gosh	quickly	toward
586	ha	intend	properly	steel	spirit	annual	however	muddy
587	curiously	sick	terrible	consistency	ew	circa	vibrant	institute
588	lost	statue	chunter	meadow	under	wire	hoof	augment
589	nucleotidase	replacement	coolly	though	by	seriously	quiet	numeric
590	eventually	monthly	buzzing	decouple	curl	after	spear	baggy
591	up	bind	satirise	within	sternly	transom	gah	uh-huh
592	wee	yieldingly	unfortunately	softly	gripping	uncommon	within	pfft
593	provided	until	sore	though	but	pointless	silent	like
594	selfish	duh	from	although	duh	impanel	whose	nun
595	negligible	wallop	round	amidst	consequently	throughout	splurge	notwithstanding
596	wedge	mixed	geez	hubris	once	psst	atop	pessimistic
597	pant	scary	consequently	apropos	questionably	whoa	especially	imagineer
598	remand	via	yet	though	gee	whoever	pasta	quirkily
599	whose	straw	fluctuate	intelligent	unruly	considering	netsuke	pfft
600	airbus	cook	well	from	hover	wherever	ick	softly
601	excellent	brr	notwithstanding	though	sediment	syringe	self-assured	bright
602	reckon	if	while	instead	marketplace	hmph	director	gradient
603	underneath	from	yak	nocturnal	if	captain	ack	painfully
604	role	flight	programme	serene	yahoo	icy	vet	pfft
605	nun	faithfully	zowie	signature	coincide	save	till	huzzah
606	but	and	nervously	but	unless	noted	since	drowse
607	naturally	jovially	ferociously	where	evenly	an	rudely	zowie
608	abaft	pish	in	very	stealthily	furthermore	vague	bah
609	colorfully	enroll	as	galoshes	although	quit	astride	yahoo
610	deficient	mount	joyous	who	why	sniff	meanwhile	adventurously
611	oh	lucky	come	athwart	lieu	aboard	gratefully	gadzooks
612	embody	reapply	boo	homely	er	perspire	interestingly	etch
613	epic	via	chase	restfully	on	apropos	horn	pfft
614	bravely	aha	recklessly	godfather	profane	ha	silently	round
615	inasmuch	tinderbox	while	but	careless	demonstrate	video	essay
616	elegant	zowie	industrialize	disarm	bludgeon	staid	always	suburban
617	huff	though	ugh	brr	video	around	ah	label
618	meanwhile	guidance	uh-huh	impressionable	yippee	vice	schedule	bravely
619	ethyl	loose	yesterday	covenant	monasticism	provided	whimsical	custody
620	until	egg	igloo	via	although	carelessly	amount	role
621	common	pro	mobility	when	fooey	aha	oh	gadzooks
622	uh-huh	yum	warm	standard	geez	digitize	knowledgeably	for
623	likewise	airman	pish	ick	remark	commodity	before	skeletal
624	among	legitimize	airman	meaningfully	new	allegation	anti	over
625	unimpressively	graft	pfft	bah	starboard	towards	restructure	information
626	whose	times	dishearten	mmm	via	despite	drain	shrilly
627	ugly	madly	scarper	showboat	amid	minion	kit	apricot
628	actually	supplier	at	ick	aftermath	for	with	babushka
629	unto	mixed	above	except	trek	for	gee	pecan
630	next	commemorate	hence	event	ham	minion	in-joke	whoa
631	uselessly	quaintly	darn	unaccountably	developmental	waver	bolster	railway
632	receptor	tenant	before	remorseful	even	roughly	disapprove	an
633	chromakey	swill	solemnly	sugary	pharmacopoeia	ugh	dearly	next
634	bruised	black-and-white	whether	graft	whereas	suspension	now	nor
635	frightfully	towards	abnormally	extension	dreamily	delight	even	pepper
636	remorseful	usable	roundabout	vainly	judgementally	vacantly	hovel	oof
637	since	meanwhile	though	via	hourly	excluding	why	alert
638	sociable	how	playfully	under	mooch	hm	until	before
639	white	unethically	potentially	intervention	mmm	gum	to	worth
640	colorful	even	barring	what	so	furthermore	acidly	er
641	phooey	ribbon	incidentally	how	major	joyfully	relative	or
642	pish	ramp	limply	dash	where	SUV	amongst	pace
643	hm	up	playfully	athwart	surprisingly	yum	amendment	against
644	wallaby	wherever	onset	ouch	publication	sympathetically	the	amongst
645	hm	after	new	upbeat	issue	weary	specific	while
646	citizen	hmph	humidity	emphasize	reiterate	underplay	retention	under
647	finished	ample	hefty	unless	agreement	filter	almighty	tuber
648	elver	jovially	terrible	as	finally	inquisitively	considering	impact
649	besmirch	woot	beyond	sensitize	scenario	jaywalk	bobble	popularize
650	rightfully	retention	zen	circumference	frightened	knavishly	gosh	whose
651	lecture	psst	kindheartedly	extra-large	authorized	pneumonia	vibraphone	energetic
652	hurtful	alb	gosh	pfft	behest	yet	supposing	accelerator
653	lest	ack	whoa	exempt	refer	because	ah	masculinize
654	until	abaft	why	that	tremendously	hassle	expert	apud
655	pfft	amid	when	carefree	dispense	cripple	lamp	haul
656	woot	however	incidentally	tender	round	vibrant	fooey	hydrolyse
657	inject	ugh	outbid	from	lest	likewise	crackle	bobble
658	unlike	even	burgeon	versus	huzzah	gadzooks	jeopardise	phew
659	gah	briskly	reluctantly	unexpectedly	furlough	seriously	closely	uh-huh
660	mid	foolishly	since	keenly	without	that	reassemble	mockingly
661	gosh	ceramic	which	aha	zowie	wrongly	beneath	amongst
662	reasoning	able	moral	how	observe	indeed	fluffy	profuse
663	gently	than	barring	freckle	questionably	ha	upbeat	afore
664	siege	obedience	failing	blissfully	bathhouse	useless	tarry	menacing
665	huzzah	modulo	frail	someplace	fluff	oh	aching	oh
666	extremely	cheerfully	fork	finally	noted	huzzah	where	meanwhile
667	onto	overload	provided	since	furlough	whenever	rare	settle
668	earnest	juicy	quickly	broadside	ha	blah	emphasise	tensely
669	swine	wherever	phew	drat	ultimately	geez	wherever	athwart
670	honesty	until	vastly	um	where	inculcate	incline	hmph
671	eek	probate	wordy	healthily	loftily	unit	since	moral
672	stunt	ick	pish	jovially	diver	shabby	but	inject
673	rigidly	ugh	colorfully	annual	ghost	whereas	duh	rarely
674	unto	anti	instead	whose	circa	misreport	blindly	gosh
675	boldly	greedily	cafe	boom	provided	afraid	warmly	quietly
676	since	vice	phooey	low	surprisingly	accelerator	knowingly	honored
677	silently	alongside	aboard	worth	who	famously	recommendation	french
678	far-flung	er	lone	wildly	pale	quinoa	bind	times
679	when	boo	between	except	gladly	downright	once	wherever
680	strictly	yearningly	boohoo	over	once	under	huzzah	sediment
681	import	waist	cutlet	scrutinise	creak	scaffold	jealously	babyish
682	unless	tough	bus	even	skean	joshingly	inventory	meh
683	circa	beside	glimmer	yahoo	beyond	supplier	essence	solvency
684	outgoing	well-worn	about	ha	astonishing	inasmuch	mill	concerned
685	per	taxicab	sticker	table	yippee	aboard	brochure	timely
686	showy	repurpose	honesty	loaf	sunny	jeopardise	pfft	uh-huh
687	vain	once	cauliflower	yowza	underplay	modulo	inside	past
688	wilted	meanwhile	zowie	debut	atop	viciously	accountability	partially
689	behind	swill	exactly	furiously	throughout	eek	same	lighthearted
690	quintuple	powerfully	wherever	versus	pfft	heighten	bookcase	while
691	lady	slope	skeleton	nougat	shrilly	drat	academics	wetly
692	safely	soulful	scamper	seriously	from	plagiarise	feminize	but
693	what	sit	bitterly	noisily	brochure	if	shiny	hmph
694	blah	whoever	grounded	hm	concerning	upward	regarding	second
695	equal	critical	guacamole	joyfully	reassuringly	the	discourse	ew
696	whoever	concerned	which	helpfully	per	underneath	lonely	why
697	fax	whoever	phew	meanwhile	a	for	detective	as
698	minus	duster	next	psst	screw	roundabout	than	supposing
699	tough	godfather	intently	window	distinction	bitter	when	boo
700	geez	misreport	wherever	urgently	pupil	ick	amongst	degrease
701	that	direct	palate	likewise	opposite	supplier	although	acidly
702	gah	neighboring	handy	ferret	about	seriously	sans	ha
703	halt	shadowbox	likewise	anti	sure-footed	athwart	energetic	yowza
704	farmer	sparkling	highlight	healthily	out	provided	bliss	ah
705	duffel	ick	marksman	bare	er	minus	finally	behest
706	knitting	out	deceivingly	and	warming	boohoo	bracelet	geez
707	amidst	geez	soft	for	enchanted	nervously	broadly	far-flung
708	abnormally	scrap	starboard	during	round	oh	certify	sneak
709	but	amnesty	hassle	ajar	stealthily	delectable	amidst	limp
710	hovercraft	supposing	vivaciously	allocation	geez	absent	founder	given
711	pillbox	drag	biodegrade	once	through	ouch	consequently	strictly
712	contrast	oof	aside	unbearably	before	without	boo	make
713	enrich	wrongly	toward	rigidly	or	where	neighboring	phew
714	wherever	citizen	notwithstanding	because	daily	furiously	casement	punctual
715	busily	geez	before	abaft	dulcimer	er	that	smog
716	stunt	deplore	ouch	viciously	numb	ick	descendant	yahoo
717	truly	clinking	formamide	after	yahoo	so	sermon	inasmuch
718	golden	creature	disapprove	from	neck	meanwhile	as	cork
719	congregate	at	when	likely	horn	inasmuch	or	decode
720	annex	rosin	drat	faithfully	remorseful	heating	towards	birth
721	average	wherever	calculus	vice	consequently	bony	inasmuch	uh-huh
722	sequester	frankly	labourer	prohibition	aha	compromise	modulo	as
723	yippee	unbearably	besides	hm	requite	merry	aha	sparse
724	yum	desecrate	quantify	that	contradict	definite	oh	quietly
725	randomize	now	yahoo	behind	barring	now	fumigate	yet
726	mushy	typewriter	zesty	reassemble	proofread	yearningly	maintainer	concerning
727	entomb	gah	low	lovingly	industrialize	fooey	aside	as
728	cute	excepting	excluding	gee	next	ick	maul	new
729	within	loosely	pro	unimpressively	fairly	wetly	warmly	faithfully
730	in	netsuke	freely	despite	unabashedly	ectoderm	qua	when
731	shampoo	meh	extremely	under	communicate	under	slip	dicker
732	tomorrow	afraid	gut	dilate	even	quickly	enraged	inquisitively
733	furthermore	psst	meh	valley	poorly	summer	pasta	feather
734	oh	yahoo	moor	joshingly	royal	made-up	mould	repurpose
735	confound	mobility	red	bowler	absent	excitedly	worth	before
736	hawk	pillow	decouple	whoa	inasmuch	whenever	provided	to
737	nerve	stable	ew	translation	mid	urban	briskly	truthfully
738	whether	flight	so	amend	yippee	duh	obesity	blah
739	mmm	harmful	dutiful	the	overvalue	ugh	conjecture	across
740	fort	sternly	like	now	pension	dramatic	concerning	plait
741	gummy	fleck	after	badly	commonly	lava	psst	provided
742	appertain	sense	tackle	throughout	abnegate	woot	pish	loftily
743	cappelletti	incidentally	formula	ugh	sick	oof	schlep	capsize
744	hexagon	firm	yippee	along	claw	royal	besides	woot
745	questioningly	phooey	fibre	seriously	angrily	avalanche	inside	good-natured
746	eek	fiddle	joshingly	confiscate	than	late	of	inconsequential
747	where	about	sternly	describe	trouser	where	epic	certainly
748	yahoo	ditch	yowza	concerning	which	verve	similar	crossly
749	lounge	condense	lasting	yippee	great	aboard	gurn	slipper
750	pace	knit	until	buttery	puppet	clamor	accomplished	birdcage
751	eek	amid	christen	less	transom	supposing	whoa	up
752	mozzarella	because	excitedly	regulate	onset	role	bulky	meanwhile
753	puppet	if	for	easily	cannon	uh-huh	vibraphone	stitcher
754	on	plumber	amidst	when	but	lamp	busily	towards
755	which	subsidy	plus	deer	consistency	who	untrue	impact
756	mechanic	cheerfully	queasy	hence	except	forsaken	inside	when
757	so	intensely	once	inasmuch	phew	mysteriously	needy	whose
758	maroon	mindless	sans	taro	barracks	boohoo	till	seriously
759	finally	annually	delicious	truly	oh	until	throughout	finally
760	brightly	outside	barring	what	although	frenetically	fraternise	ridge
761	ecliptic	briefly	birth	dally	aw	delightfully	intensely	slather
762	characterization	highly	entry	however	through	onto	finer	outbid
763	heavenly	permafrost	besides	lovely	viciously	louse	revoke	reporter
764	vaguely	average	suitcase	where	till	fibre	platypus	redound
765	except	on	neighboring	whenever	badly	ah	injunction	fun
766	verbally	freight	accidentally	playfully	snappy	sham	instruction	quarterly
767	weary	boohoo	cauliflower	detain	despite	yuck	oof	bah
768	kick	scared	onto	mmm	sightseeing	uncork	mechanic	minor
769	besides	toward	tail	smooth	jot	anenst	jovially	however
770	clearly	unlike	ugh	keenly	outlying	abnormally	intend	hopeful
771	wrongly	opposite	resolve	saloon	tributary	yowza	round	bouncy
772	pish	but	adjudge	wallaby	opposite	phooey	import	unaccountably
773	adventurously	diver	fast	out	yet	incidentally	bind	frizz
774	sharply	kiddingly	often	following	misappropriate	yahoo	slake	recount
775	watery	cleaner	cheap	queasily	afford	nor	if	within
776	dicker	ouch	vanadyl	inside	able	brr	jury	shore
777	trusty	smooth	awkwardly	peter	once	reopen	volunteer	unless
778	derby	inasmuch	hence	rosin	below	unlike	the	across
779	depute	outset	versus	zesty	terribly	shanghai	stark	thankfully
780	boastfully	healthily	well	uh-huh	towards	fooey	mmm	snarling
781	provided	reconstitute	bathrobe	bobble	furthermore	sniveling	whoever	ick
782	needy	boohoo	against	apparatus	ugh	through	wring	diligently
783	notwithstanding	whoever	after	sour	boulevard	singe	dependable	round
784	vamoose	foolish	boohoo	telescope	indelible	shovel	where	madly
785	colour	duh	unlike	above	although	provided	duh	wherever
786	phew	whether	although	finally	aha	bind	amid	who
787	inasmuch	times	physically	phew	though	low	good-natured	hierarchy
788	hospitable	unless	vision	casement	longingly	vista	case	accept
789	where	phooey	intently	gee	yet	license	mmm	gee
790	formal	oof	below	between	upright	elderly	metabolise	bare
791	around	pricey	since	depot	graceful	since	during	pepper
792	ha	where	ick	however	CD	fair	meh	blossom
793	arrogantly	knickers	exterior	atop	zany	bakeware	yowza	mmm
794	gee	how	angrily	below	highly	eulogise	merrily	failing
795	extension	vice	clamour	dandelion	within	swiftly	suffocate	nicely
796	wetly	gadzooks	before	pasta	substitution	bakeware	toothpick	deserted
797	psst	trek	drat	after	sympathetically	ashamed	amongst	throughout
798	brr	behind	yuck	because	meh	beneath	toothbrush	thin
799	next	acceptable	unfortunately	naturally	pish	amid	huzzah	broken
800	bore	wring	how	apologise	ouch	guzzle	past	huzzah
801	think	around	ah	now	along	until	geez	wicked
802	worriedly	while	beside	paltry	until	hm	at	fervently
803	truthfully	what	tut	lively	pfft	close	yearly	motivate
804	toady	ribbon	nor	whoa	gadzooks	equate	abnegate	until
805	which	blah	antagonize	provided	now	incidentally	lumbering	shrilly
806	subtle	if	precious	and	inwardly	for	now	brr
807	square	hmph	fully	slake	dress	at	eek	across
808	across	hm	institute	reasoning	stunt	imaginary	confiscate	potentially
809	thunderbolt	mysterious	solidly	gee	excepting	emerge	tensely	scotch
810	painfully	behind	unsung	nor	um	terrorise	provision	ha
811	psst	skyscraper	er	suffice	times	considering	failing	always
812	rural	finally	pinstripe	always	blushing	scamper	when	competent
813	quaintly	meh	hygienic	phew	stable	whose	barring	ferret
814	yum	moisten	among	industrialize	cease	grandson	tank	pluck
815	weary	pacemaker	who	hence	brr	sizzling	misreport	and
816	vibrant	sans	duh	cuckoo	lace	delete	horde	aw
817	helpfully	numeracy	aircraft	sheepishly	ha	morbidity	oh	really
818	passport	worth	wrathful	intermix	rationale	if	mash	widow
819	whoa	why	bah	everlasting	ah	reference	pro	swordfish
820	tapioca	fleck	fooey	feather	relaunch	patroller	upon	permafrost
821	whack	recommendation	spotless	reporter	blight	pepper	the	yuck
822	aw	moral	polished	vaguely	straight	incidentally	ah	notwithstanding
823	honestly	well-lit	swanling	truly	quintessential	sweatshop	gadzooks	gee
824	discrete	amidst	glider	clamour	same	near	hm	where
825	fumigate	plait	whopping	above	for	butter	scramble	drat
826	a	geez	affect	tense	hmph	boohoo	restructure	strict
827	sparse	below	smarten	near	effector	against	fat	tomatillo
828	generally	testify	import	around	ravel	physically	carefully	oxidize
829	blah	painfully	yahoo	crumble	daintily	decongestant	failing	who
830	gee	alert	dependable	blue	too	gosh	density	mobility
831	hunt	singing	coal	loudly	unwilling	than	mixture	duh
832	barring	provided	boo	reckless	duster	phooey	voluntarily	officially
833	different	machine	kaleidoscopic	helpful	resolve	wedding	lest	wire
834	gosh	misreport	valuable	scented	nectarine	parsnip	after	quirkily
835	sick	lava	instead	likable	per	dimly	oh	minus
836	punctually	pendant	nervously	floodlight	fondly	subdued	phooey	gray
837	apparatus	aw	spectate	yowza	as	pharmacopoeia	puzzled	unwieldy
838	however	inculcate	posh	massive	pivot	youthful	in	and
839	tackle	decongestant	bitterly	illustrious	searchingly	against	recent	gadzooks
840	except	hmph	keel	around	inhibit	intellect	immediately	underneath
841	gleefully	for	warming	modulo	furthermore	ouch	worth	cavernous
842	worthless	birdbath	naughty	hence	mill	bah	if	strictly
843	urgently	below	boom	gosh	whopping	chatter	exonerate	overload
844	bus	hm	a	yowza	closely	boss	accessorise	than
845	recommendation	about	whenever	minus	abaft	carelessly	pfft	except
846	dearly	flight	legislature	nauseate	hm	helplessly	annual	hm
847	phooey	before	axe	unscramble	reassuringly	capitalize	which	but
848	long-term	boyfriend	some	huzzah	fairly	monthly	pupil	which
849	fast	modulo	pop	hydrocarbon	woot	concentration	fervently	meaningfully
850	along	putrefy	without	until	graduate	aboard	yippee	famously
851	jump	unethically	upon	yearningly	helpfully	redress	bitter	concerning
852	ew	chops	major	really	generously	ribbon	siege	er
853	rim	deceivingly	needily	publication	yet	kissingly	excluding	instance
854	golden	against	veto	absentmindedly	busily	entomb	yarmulke	merrily
855	yippee	account	sore	agile	thankfully	um	knuckle	soulful
856	quirkily	swing	but	because	ha	gah	vainly	joyfully
857	charming	dependency	sheepishly	since	typewriter	for	following	ick
858	consequently	sans	unsightly	thongs	modulo	rowdy	worth	rigidly
859	bashfully	knotty	that	orchid	husky	republican	vivid	indolent
860	crafty	ick	overspend	save	hotfoot	rejigger	meh	slather
861	flint	within	seafood	realistic	hence	complete	that	portly
862	save	worthy	sorrowful	difficult	ouch	wonderfully	hmph	likewise
863	utterly	ugh	rue	yesterday	butter	painfully	outlying	comparison
864	mid	anti	bravely	controvert	pace	burly	whoever	because
865	worst	solidly	folklore	circa	inside	how	veg	while
866	hm	greedily	bleakly	along	gah	onto	low	miserable
867	violent	yum	whoever	qua	incidentally	under	ski	egg
868	darling	guilt	partridge	meh	case	lest	when	hence
869	quarrelsomely	failing	fake	questionably	ouch	sleepily	venture	upsell
870	likewise	ocelot	around	whenever	label	wonderfully	helpfully	gee
871	exploration	anti	neglect	sticker	draft	questioningly	that	immaculate
872	following	pfft	instead	fooey	cruelty	inspect	buck	inwardly
873	inside	scarcely	close	woot	provided	intensely	colorfully	jealous
874	sadly	summary	knit	premeditation	solvency	wrongly	till	publicize
875	majestically	mouser	because	badly	abaft	gratefully	inquisitively	bah
876	furthermore	repurpose	conceptualize	however	supposing	perky	ugh	psst
877	fondly	abnormally	down	times	vol	if	saturate	whoever
878	while	switch	underpants	great	plus	exempt	gently	aw
879	slowly	unrealistic	drat	phew	pfft	down	suddenly	evil
880	how	behold	hmph	pure	until	ick	supposing	scout
881	mask	shabby	if	team	and	nor	fooey	mmm
882	uh-huh	eek	obedient	an	since	gah	pillbox	circular
883	restfully	pish	after	ectoderm	atop	nearly	waterlogged	perfumed
884	amused	designation	lobotomise	toward	oh	curiously	lest	over
885	in	sorrowful	what	smoothly	aw	fairly	quiet	ferociously
886	supposing	who	coop	scary	awkwardly	netsuke	black	modulo
887	unlike	storyboard	happily	pushy	editor	knottily	kowtow	swordfish
888	whoever	jubilantly	brr	jiggle	triumphantly	over	how	hence
889	matter	hm	despite	correctly	ah	coal	blink	unnaturally
890	proselytise	up	subtle	once	chainstay	gratefully	save	atop
891	fort	up	er	dowse	times	useless	per	how
892	molasses	apud	via	wordy	lowball	drat	upwardly	homeschool
893	hence	following	in	outside	interestingly	fooey	breed	like
894	expansion	kissingly	gifted	nor	unless	considerate	hotfoot	adolescent
895	demobilise	poppy	amongst	yahoo	aw	among	phooey	translation
896	on	sonnet	per	finally	insistent	account	though	dearly
897	obsess	airline	savour	minus	rekindle	by	worth	attribute
898	geez	awful	gape	what	adumbrate	haircut	meanwhile	paintwork
899	along	an	hmph	fedora	illusion	sweetly	whenever	greatly
900	utilized	unfortunately	avow	hmph	zowie	linseed	scar	why
901	boldly	near	airmail	in	boohoo	at	with	on
902	finally	enrich	horse	midst	stable	happily	midst	than
903	gosh	winged	transparency	innovate	burdensome	yippee	aha	although
904	any	fortunately	before	oh	dramatize	doodle	creamy	judgementally
905	compromise	omelet	unethically	impossible	sadly	deploy	than	except
906	deny	since	SUV	why	misfire	twist	rarely	cleverly
907	source	affectionate	whether	oxygenate	joyfully	ha	vanish	out
908	greatly	soon	too	disclosure	violently	before	sandy	fellow
909	calmly	rawhide	sadly	gosh	aha	pulse	rim	slow
910	terraform	psst	without	potentially	till	mockingly	down	hmph
911	toward	beside	pave	euphonium	ha	uh-huh	without	gee
912	yet	enraged	times	via	jeopardise	yearly	motor	utterly
913	replacement	blah	boo	between	putrefy	amongst	till	fooey
914	neatly	alongside	despite	via	instance	commemorate	duh	char
915	hm	mid	swim	kit	put	for	custody	best-seller
916	failing	pry	colour	behind	after	yuck	though	slope
917	since	lest	monasticism	exotic	interchange	confide	eek	leading
918	whoa	duh	surprisingly	likewise	juggernaut	insecure	aw	content
919	yearningly	justly	onto	given	deprave	utterly	chow	toward
920	uselessly	teriyaki	dishearten	although	yuck	a	dirty	at
921	lest	feather	king	discrete	hm	since	officially	or
922	rationale	ew	range	oof	for	bonfire	frightfully	space
923	gadzooks	retrospectivity	as	wetly	illiterate	highly	beautifully	unnecessarily
924	replacement	aboard	after	likewise	well-lit	for	beloved	ew
925	valentine	nicely	creature	phooey	underneath	ouch	anenst	upright
926	suddenly	miskey	dead	foodstuffs	bashfully	hydrocarbon	jealous	hasty
927	in	pro	consequently	fumigate	raw	quarrel	pulse	pfft
928	importance	regarding	bus	omelet	singe	forenenst	boo	operating
929	cautiously	roasted	although	phooey	instead	cross	long	supposing
930	meh	lovingly	unwritten	handsome	furiously	outside	ick	reflate
931	fatherly	knit	scarily	opposite	amend	accidentally	tensely	yellowish
932	around	entice	rally	rim	conceptualize	ick	midst	yippee
933	convince	airline	grouchy	grim	desecrate	unhappy	fooey	harvest
934	positively	meanwhile	what	bossy	duh	off	where	gee
935	jealously	though	atop	buzzing	after	scary	boo	more
936	after	atop	demobilise	engage	beneath	legal	vision	sticker
937	pish	brr	before	however	what	silent	unhappy	smoothly
938	beside	conservation	reckon	hm	phew	astride	meh	verbally
939	before	cow	throughout	scarification	trustworthy	whoa	gape	rigid
940	bludgeon	aha	voluminous	pinstripe	now	indeed	joshingly	probate
941	terribly	substantiate	unlike	whereas	gah	verify	league	entwine
942	boo	pro	accurate	fluff	rectangular	requite	because	why
943	modulo	rival	sticky	too	bid	upon	realistic	drum
944	ghost	uh-huh	vast	etch	yowza	gee	hopeful	overburden
945	till	advertisement	revere	overconfidently	attest	poetry	whoever	fooey
946	without	amendment	and	or	but	clamour	populist	availability
947	that	epic	consistency	noon	hmph	cruelly	sinful	scenario
948	reckon	toward	so	underachieve	amid	sleepily	ack	hunt
949	carnival	edge	shrilly	unlike	toward	disinherit	indeed	ew
950	bravely	worth	outside	dispense	judgementally	backbone	polite	huzzah
951	an	a	flight	vivid	while	poorly	presell	pfft
952	till	gah	phooey	stale	dishonor	aboard	down	bleach
953	following	ah	why	warming	but	dream	zowie	upset
954	utter	back	oof	mmm	whereas	adjudge	slake	yawningly
955	entice	but	fooey	afore	absentmindedly	inasmuch	to	whine
956	excluding	whether	weighty	outbid	lovingly	mom	whoever	matter
957	times	accessorise	pfft	restfully	baseboard	supportive	gosh	enlist
958	pish	yum	speedily	towards	if	afore	vivacious	except
959	developmental	gently	sonar	whether	deeply	towards	near	pfft
960	glossy	gah	onto	yowza	observe	orchestrate	afterwards	mid
961	yearningly	relieve	back	gosh	swerve	solvency	round	whoa
962	mediocre	vacantly	dearly	terrorise	despite	ice-cream	excluding	pause
963	knottily	slow	stranger	hole	excluding	slushy	untried	unwieldy
964	adviser	kosher	coliseum	innocently	elegantly	drat	oil	parsnip
965	meh	designation	mobility	yippee	towards	sup	lumbering	ponder
966	warmly	broadly	worth	ape	gah	gah	nasalise	hmph
967	scamper	about	upon	zowie	spanish	crooked	triumphantly	gradient
968	councilman	pure	yippee	or	detective	before	fill	wee
969	abaft	across	serpentine	midst	jovially	pine	edible	psst
970	through	direct	woot	anesthetize	lest	awareness	violently	ferociously
971	basic	informal	knowingly	huzzah	untidy	exempt	wherever	windy
972	boohoo	entwine	putrid	past	huzzah	nor	electric	beret
973	hence	tempting	yearningly	burdensome	dowse	gosh	up	from
974	wrathful	cheetah	ack	dilate	why	grandiose	although	modulo
975	eulogise	slushy	till	that	thoroughly	via	exotic	thin
976	across	athwart	meh	positively	before	hmph	never	off
977	behind	orange	till	fencing	quicker	yuck	tragic	indeed
978	swift	supposing	adjudge	strong	although	inside	thorough	briskly
979	jealously	when	ick	on	linear	phew	swine	barring
980	likely	round	neighboring	upside-down	however	without	aside	remarkable
981	priesthood	uniform	huzzah	provided	whenever	modulo	of	writ
982	overvalue	tepid	yesterday	spellcheck	whoa	tomorrow	defrag	unless
983	oh	hm	release	meaningfully	of	silently	absent	gee
984	jiggle	reckless	tight	yahoo	how	blank	concerning	within
985	swim	exempt	jet	bleakly	athwart	relative	ride	round
986	provided	tricky	showy	eek	bah	phooey	whereas	general
987	ha	inasmuch	pish	circa	golden	victoriously	excepting	yippee
988	geez	where	off	resolve	geez	yowza	in	granular
989	rarely	stylish	before	whenever	thankfully	upward	wonderfully	cleverly
990	along	brr	sans	blah	furthermore	at	babushka	afore
991	or	properly	for	shimmering	hence	uh-huh	huzzah	fervently
992	indeed	supposing	sell	first	angle	boldly	amongst	furthermore
993	politely	cinema	vacation	incomparable	bah	with	yum	toward
994	meh	lest	provision	aw	under	moralise	faint	ack
995	psst	against	boo	wilt	ah	tray	kick	pluck
996	grade	tepid	barring	reconsideration	intermesh	unnaturally	fluff	plus
997	buzzing	even	into	duh	apropos	blah	mortally	unnecessarily
998	toward	gummy	through	reproachfully	surprise	into	yet	troubled
999	silver	um	uh-huh	thankfully	mixture	ugh	atop	juvenile
1000	than	clonk	excepting	deep	sneak	provision	fit	snuggle