Id,First  Name,Last  Name,Email,Phone,Company,Job  Title,Registered  Date
1,Jenna Hodkiewicz,Berneice Cummerata,Leanne53@gmail.com,(332) 519-6785 x1329,"Legros, Koelpin and Franecki",blah,2025-02-04
2,Mr. Brad O'Keefe Jr.,Jeff Wiegand,Pete39@yahoo.com,(807) 514-4871 x4372,Gleason Group,rubric,2025-09-04
3,Andre Rippin,Dora Price III,Margarette_Gorczany@gmail.com,869.534.0679 x446,Mayer Group,wearily,2024-06-19
4,Mr. Carroll Abernathy,Christopher Pouros,Nicholas_Reichert@gmail.com,1-610-771-4038,"Von, Bauch and Homenick",till,2025-04-09
5,Emma Schuster,Dr. Herman Gislason,Mitchell.Lemke44@hotmail.com,(583) 420-0420 x93626,Rempel - Rowe,curry,2024-03-28
6,Mrs. Sierra Ward,Mrs. Vada Christiansen,Marshall16@gmail.com,1-913-649-8624,Ullrich and Sons,out,2024-10-04
7,Chloe Monahan,Miss Casey Smith Sr.,Dennis.Toy-Halvorson@hotmail.com,(852) 293-5744 x1169,Schumm Inc,lest,2025-05-17
8,Domingo Franecki,Ms. Baylee Rice,Lee.Shanahan89@hotmail.com,997-818-3105,Roob - Kub,meanwhile,2024-12-22
9,Jimmie Little,Lorenza Hintz,Nicholas.Friesen25@hotmail.com,584.579.0736 x9360,Stroman - Dare,for,2025-03-10
10,Joseph Gleason IV,Alek Emard,Todd_Schowalter95@hotmail.com,741.825.9507 x75349,Mraz - McClure,tune-up,2025-02-23
11,Keagan Hermiston,Toby Senger,Megan26@hotmail.com,620-347-6433 x91280,"Kirlin, Schowalter and Bogisich",atop,2025-07-15
12,Cary Becker,Dr. Catharine Harvey,Steve.Simonis@hotmail.com,203-331-1127 x231,"Raynor, Wintheiser and Breitenberg",foolishly,2025-05-19
13,June Moen-Conn,Patsy Cruickshank I,Amy.Brakus@yahoo.com,821.333.6584 x5909,"Rutherford, Herman and Ruecker",zowie,2024-04-20
14,Hellen Hoppe II,Jesse Borer,Gerardo_Labadie-Kirlin@hotmail.com,364-860-4701 x479,Rice - Ullrich,cautiously,2026-01-23
15,June Ziemann,Steve Beatty,Nathan_Fadel66@gmail.com,245-398-8388,"Goyette, Powlowski and Kuhlman",ick,2026-02-14
16,Ira Mann,Kevin Collier,Ernest.Bins@hotmail.com,862-856-4726 x104,Thiel - Breitenberg,fat,2025-09-29
17,Geoffrey Wolf-Hermann,Kristopher Gorczany,Teri.Thiel@hotmail.com,(573) 542-6383 x236,Bechtelar - Feil,yet,2025-08-20
18,Glenda Bechtelar,Patsy Feeney,Salvador72@yahoo.com,1-395-860-3467 x6681,"Bradtke, Schumm and O'Reilly",afterwards,2024-04-05
19,Tom Casper,Selmer Cartwright,Rosie.Towne@gmail.com,1-983-500-3573 x97979,"Bernhard, Wisozk and Krajcik",readily,2025-05-09
20,Forrest Brown,Ms. Pablo Willms-Monahan,Jan12@hotmail.com,(494) 753-0607 x820,"Hegmann, Morar and Heaney",pfft,2025-04-27