Id,First Name,Last Name,Email,Phone,City,Country
1,in,safeguard,fellow,instead,heighten,next
2,scent,carefully,yowza,tired,ethical,considering
3,yippee,eventually,dimly,neck,glow,zowie
4,continually,opposite,ouch,through,rural,ideal
5,compete,worth,regulate,so,quaff,lest
6,wallop,joyously,yahoo,neck,furthermore,normal
7,discrete,yowza,below,midst,or,celsius
8,bah,pace,shear,ugh,unless,calmly
9,for,arrogantly,zowie,aw,supposing,lovely
10,intelligent,consequently,lift,along,now,unit
11,recklessly,birdcage,capitalise,capsize,including,peninsula
12,millet,meanwhile,infatuated,pendant,powerfully,pro
13,symbolise,supposing,er,hungrily,duh,why
14,about,brr,mmm,meanwhile,gerbil,kookily
15,defiantly,indeed,stigmatize,ha,corporation,lest
16,yet,likely,indeed,quizzically,swine,astride
17,after,considering,black-and-white,quinoa,interviewer,when
18,mmm,obsess,next,finally,bide,severe
19,meh,weakly,ouch,ecliptic,provided,aw
20,never,sunbathe,whether,once,blah,naturally