Id	First Name	Last Name	Email	Phone	City	Country
1	topsail	prohibition	down	cow	yuck	jumbo
2	worth	indeed	before	what	tremendously	ha
3	regal	gadzooks	imaginary	minister	unto	yowza
4	respectful	traffic	very	teeming	pertain	unfurl
5	meh	excepting	stealthily	whoa	ah	mechanic
6	caption	freely	afterwards	calmly	although	offensively
7	ah	lest	reborn	ceramic	wholly	pleasant
8	gracefully	ugh	oxygenate	appropriate	grubby	brr
9	fondly	outstanding	innocent	abaft	front	sturdy
10	although	overfeed	impractical	shrill	unwieldy	shimmering
11	into	sheepishly	as	ick	that	equally
12	above	psst	yowza	waver	although	canter
13	fax	pepper	fatally	interchange	glum	airbrush
14	boohoo	rewrite	yahoo	within	brightly	aha
15	concerning	square	final	ew	expense	overconfidently
16	polyester	yowza	misguided	outrun	yum	or
17	quarrelsomely	fuel	deceivingly	dead	draft	finding
18	molasses	zowie	before	overload	emphasize	excepting
19	pish	well	than	ick	till	famously
20	sediment	sway	freezing	statement	consequently	foolishly