Id,First Name,Last Name,Email,Phone,Company,Job Title,Registered Date
1,habit,distorted,maul,best-seller,immediately,garage,2026-01-22
2,whereas,hole,pronoun,personalise,sympathetically,soup,2024-11-03
3,aha,commercial,tepid,major,deflect,insolence,2025-04-08
4,airman,but,via,round,questionable,by,2024-04-26
5,sham,airmail,or,outrageous,that,past,2025-10-17
6,anti,regarding,proofread,excepting,whistle,with,2025-01-29
7,yearly,save,bright,frenetically,clearly,kit,2025-09-03
8,bestride,emphasise,next,limply,investigate,quicker,2025-01-27
9,warped,jovially,outflank,fairly,yum,feline,2024-12-24
10,inexperienced,yum,warp,shakily,decouple,celebrate,2025-03-23
11,drat,until,furthermore,coin,pressure,fashion,2024-04-10
12,pigsty,lasting,halt,notwithstanding,tame,pfft,2026-02-01
13,any,inwardly,shell,helplessly,embossing,tuber,2024-02-24
14,solidly,of,at,now,boohoo,carouse,2025-04-08
15,along,knottily,since,under,since,cheerfully,2024-04-16
16,truly,by,uh-huh,bah,apud,that,2025-09-02
17,wilderness,oily,once,of,quintessential,godparent,2024-08-05
18,burgeon,beneath,diagram,likewise,boo,pace,2024-09-10
19,loyally,before,mechanically,near,french,till,2024-11-21
20,lady,sometimes,mortar,aw,convection,lobster,2025-06-06
21,excluding,cripple,gymnast,warlike,meanwhile,since,2025-06-26
22,flat,egg,diligent,brr,help,badly,2025-11-01
23,jittery,excluding,oof,weep,discourse,where,2025-10-14
24,manipulate,gosh,whoever,blindly,cruelly,prejudge,2025-09-04
25,ick,unwelcome,thigh,taxicab,secret,tune,2024-12-05
26,ack,an,separately,during,thongs,minus,2025-10-25
27,wilt,meanwhile,since,maintainer,of,jubilant,2024-03-19
28,as,creaking,underneath,boo,swine,meh,2025-09-17
29,shadowy,biodegradable,likewise,lovable,tomography,voluntarily,2024-12-26
30,bungalow,question,considering,while,determined,along,2025-02-20
31,communicate,enroll,almost,cleverly,boohoo,geez,2024-06-16
32,atop,brr,haul,custom,fledgling,deceivingly,2025-01-03
33,entomb,tomatillo,strict,punctuation,unbearably,contractor,2024-10-29
34,contractor,bloom,menacing,wildly,definite,tut,2025-05-18
35,conservation,solidly,swiftly,live,yet,blah,2024-03-08
36,masterpiece,fumigate,knotty,gad,government,second-hand,2025-02-16
37,flint,nor,vivaciously,amidst,verbally,phew,2025-10-31
38,murky,pfft,airbus,dredger,pace,devoted,2024-10-02
39,secondary,gah,twist,aw,lounge,strictly,2024-05-16
40,qua,heavenly,atop,seafood,pfft,immediate,2025-04-21
41,excepting,worse,stump,rudely,hypothesize,thrifty,2024-09-14
42,squiggly,aboard,even,truly,yippee,how,2025-06-10
43,hydrolyse,at,vaguely,eyeliner,drat,emphasise,2025-06-13
44,blind,rudely,likewise,male,aboard,wherever,2025-03-27
45,cruel,what,easily,consequently,inasmuch,zowie,2025-09-16
46,gray,major,meager,receptor,jiggle,stitcher,2025-11-02
47,council,courteous,that,jam-packed,wherever,exasperation,2025-02-04
48,ouch,with,enthusiastically,overload,palatable,cauliflower,2024-11-03
49,off,kindheartedly,throughout,pish,whose,carefully,2024-04-13
50,duh,outside,classic,eek,till,if,2025-10-26
51,clear-cut,under,depot,confound,boring,lazy,2024-09-27
52,unto,prudent,knife,pastel,sedately,why,2025-04-12
53,about,victoriously,fill,upbeat,omelet,merrily,2025-03-31
54,where,delectable,yuck,charm,justly,essence,2024-04-03
55,on,gracefully,actually,pant,typewriter,er,2024-09-06
56,fervently,yet,barring,fooey,delectable,teriyaki,2025-05-20
57,over,whup,who,depot,since,a,2025-11-08
58,why,sleepily,upon,until,boohoo,so,2024-12-24
59,though,psst,bicycle,whose,gadzooks,what,2024-04-14
60,courageously,er,information,version,well,tank,2025-08-06
61,stiffen,govern,accidentally,gosh,subtle,jellyfish,2025-11-25
62,oh,save,floodlight,ravage,embossing,indeed,2025-01-03
63,weakly,yet,pear,beret,minus,uh-huh,2024-10-02
64,economise,intently,repossess,outsource,chops,yarmulke,2025-01-17
65,puzzled,in-joke,honored,what,decide,geez,2025-02-09
66,vivaciously,cheese,up,rationalise,until,about,2025-06-04
67,thyme,which,for,regarding,white,ick,2025-12-08
68,tut,after,until,shallow,flint,where,2024-04-10
69,minus,above,excluding,as,carelessly,mmm,2025-01-16
70,hole,because,despite,below,nicely,hello,2024-05-15
71,innocent,soon,devastation,ferociously,for,whoever,2024-06-27
72,whenever,mid,distorted,bah,chasuble,premise,2024-03-15
73,lox,during,guide,including,but,incidentally,2025-03-09
74,gah,along,but,dead,scholarship,leading,2024-11-15
75,who,shrilly,likely,possession,oh,back,2026-02-04
76,team,nicely,crank,stranger,subtract,fishery,2024-06-17
77,able,pliers,quaintly,lest,subtle,spring,2025-09-16
78,meh,so,geez,contravene,monumental,despite,2025-03-10
79,apropos,configuration,that,yum,um,where,2025-02-22
80,rout,arraign,silently,inasmuch,forsaken,near,2025-11-01
81,final,markup,fooey,musty,whenever,window,2025-12-10
82,zowie,duh,expense,ha,statement,ha,2024-08-18
83,advertisement,barring,ouch,plugin,hoick,allegation,2025-01-09
84,light,summary,disloyal,yahoo,archive,whether,2025-12-12
85,hence,bemuse,ick,how,wicked,scowl,2024-09-26
86,stock,naturally,reword,finished,offset,coaxingly,2024-10-05
87,brr,on,so,masterpiece,apud,musty,2026-02-06
88,sour,trick,march,bathrobe,chiffonier,atop,2024-04-27
89,deeply,representation,nearly,wearily,or,meh,2025-03-21
90,indeed,atop,even,and,confiscate,blah,2024-06-13
91,versus,breed,and,resolve,round,matter,2024-07-03
92,above,about,pfft,gaseous,caption,majestic,2025-11-01
93,foolishly,consistency,questioningly,furthermore,towards,oof,2025-07-04
94,hence,char,incidentally,triumphantly,ick,imaginative,2025-08-12
95,millet,woefully,vanish,while,graffiti,whereas,2025-10-18
96,ick,since,briskly,custom,properly,gastropod,2024-11-16
97,below,bossy,eek,hungrily,mount,insistent,2025-12-21
98,mmm,eek,for,ethical,about,kosher,2024-03-13
99,dependable,astride,loyalty,ah,yuck,lest,2025-03-05
100,likewise,broadly,properly,and,blaspheme,usefully,2025-03-04